keyid,exponent,duration_ms
"q=160,p=1024",2,9
"q=160,p=1024",2,6
"q=160,p=1024",2,7
"q=160,p=1024",2,5
"q=160,p=1024",2,7
"q=160,p=1024",2,6
"q=160,p=1024",2,9
"q=160,p=1024",2,4
"q=160,p=1024",2,6
"q=160,p=1024",2,9
"q=160,p=1024",2,7
"q=160,p=1024",2,7
"q=160,p=1024",2,11
"q=160,p=1024",2,7
"q=160,p=1024",2,7
"q=160,p=1024",2,7
"q=160,p=1024",2,11
"q=160,p=1024",2,4
"q=160,p=1024",2,13
"q=160,p=1024",2,5
"q=160,p=1024",2,8
"q=160,p=1024",2,3
"q=160,p=1024",2,4
"q=160,p=1024",2,11
"q=160,p=1024",2,9
"q=160,p=1024",2,6
"q=160,p=1024",2,9
"q=160,p=1024",2,9
"q=160,p=1024",2,8
"q=160,p=1024",2,9
"q=160,p=1024",2,10
"q=160,p=1024",2,5
"q=160,p=1024",2,7
"q=160,p=1024",2,9
"q=160,p=1024",2,10
"q=160,p=1024",2,7
"q=160,p=1024",2,10
"q=160,p=1024",2,6
"q=160,p=1024",2,11
"q=160,p=1024",2,10
"q=160,p=1024",2,8
"q=160,p=1024",2,8
"q=160,p=1024",2,9
"q=160,p=1024",2,8
"q=160,p=1024",2,5
"q=160,p=1024",2,7
"q=160,p=1024",2,4
"q=160,p=1024",2,4
"q=160,p=1024",2,4
"q=160,p=1024",2,3
"q=160,p=1024",2,12
"q=160,p=1024",2,4
"q=160,p=1024",2,3
"q=160,p=1024",2,4
"q=160,p=1024",2,10
"q=160,p=1024",2,4
"q=160,p=1024",2,3
"q=160,p=1024",2,10
"q=160,p=1024",2,12
"q=160,p=1024",2,8
"q=160,p=1024",2,4
"q=160,p=1024",2,11
"q=160,p=1024",2,6
"q=160,p=1024",2,9
"q=160,p=1024",2,4
"q=160,p=1024",2,8
"q=160,p=1024",2,7
"q=160,p=1024",2,5
"q=160,p=1024",2,8
"q=160,p=1024",2,10
"q=160,p=1024",2,5
"q=160,p=1024",2,4
"q=160,p=1024",2,5
"q=160,p=1024",2,9
"q=160,p=1024",2,5
"q=160,p=1024",2,2
"q=160,p=1024",2,3
"q=160,p=1024",2,6
"q=160,p=1024",2,11
"q=160,p=1024",2,11
"q=160,p=1024",2,15
"q=160,p=1024",2,7
"q=160,p=1024",2,10
"q=160,p=1024",2,8
"q=160,p=1024",2,6
"q=160,p=1024",2,11
"q=160,p=1024",2,8
"q=160,p=1024",2,11
"q=160,p=1024",2,15
"q=160,p=1024",2,12
"q=160,p=1024",2,10
"q=160,p=1024",2,3
"q=160,p=1024",2,13
"q=160,p=1024",2,8
"q=160,p=1024",2,8
"q=160,p=1024",2,4
"q=160,p=1024",2,6
"q=160,p=1024",2,11
"q=160,p=1024",2,12
"q=160,p=1024",2,5
"q=160,p=1024",2,7
"q=160,p=1024",2,7
"q=160,p=1024",2,7
"q=160,p=1024",2,11
"q=160,p=1024",2,3
"q=160,p=1024",2,10
"q=160,p=1024",2,6
"q=160,p=1024",2,6
"q=160,p=1024",2,8
"q=160,p=1024",2,5
"q=160,p=1024",2,11
"q=160,p=1024",2,8
"q=160,p=1024",2,9
"q=160,p=1024",2,9
"q=160,p=1024",2,4
"q=160,p=1024",2,7
"q=160,p=1024",2,6
"q=160,p=1024",2,11
"q=160,p=1024",2,8
"q=160,p=1024",2,7
"q=160,p=1024",2,8
"q=160,p=1024",2,9
"q=160,p=1024",2,11
"q=160,p=1024",2,5
"q=160,p=1024",2,7
"q=160,p=1024",2,5
"q=160,p=1024",2,12
"q=160,p=1024",2,9
"q=160,p=1024",2,5
"q=160,p=1024",2,6
"q=160,p=1024",2,6
"q=160,p=1024",2,9
"q=160,p=1024",2,11
"q=160,p=1024",2,8
"q=160,p=1024",2,8
"q=160,p=1024",2,4
"q=160,p=1024",2,6
"q=160,p=1024",2,3
"q=160,p=1024",2,7
"q=160,p=1024",2,4
"q=160,p=1024",2,5
"q=160,p=1024",2,8
"q=160,p=1024",2,9
"q=160,p=1024",2,9
"q=160,p=1024",2,4
"q=160,p=1024",2,6
"q=160,p=1024",2,6
"q=160,p=1024",2,7
"q=160,p=1024",2,3
"q=160,p=1024",2,5
"q=160,p=1024",2,12
"q=160,p=1024",2,4
"q=160,p=1024",2,9
"q=160,p=1024",2,7
"q=160,p=1024",2,4
"q=160,p=1024",2,6
"q=160,p=1024",2,5
"q=160,p=1024",2,12
"q=160,p=1024",2,7
"q=160,p=1024",2,3
"q=160,p=1024",2,4
"q=160,p=1024",2,7
"q=160,p=1024",2,9
"q=160,p=1024",2,9
"q=160,p=1024",2,5
"q=160,p=1024",2,13
"q=160,p=1024",2,6
"q=160,p=1024",2,8
"q=160,p=1024",2,6
"q=160,p=1024",2,5
"q=160,p=1024",2,7
"q=160,p=1024",2,4
"q=160,p=1024",2,6
"q=160,p=1024",2,8
"q=160,p=1024",2,9
"q=160,p=1024",2,7
"q=160,p=1024",2,10
"q=160,p=1024",2,6
"q=160,p=1024",2,7
"q=160,p=1024",2,5
"q=160,p=1024",2,7
"q=160,p=1024",2,3
"q=160,p=1024",2,10
"q=160,p=1024",2,7
"q=160,p=1024",2,9
"q=160,p=1024",2,7
"q=160,p=1024",2,9
"q=160,p=1024",2,11
"q=160,p=1024",2,9
"q=160,p=1024",2,12
"q=160,p=1024",2,7
"q=160,p=1024",2,12
"q=160,p=1024",2,10
"q=160,p=1024",2,5
"q=160,p=1024",2,3
"q=160,p=1024",2,6
"q=160,p=1024",2,4
"q=160,p=1024",2,4
"q=160,p=1024",2,10
"q=160,p=1024",2,11
"q=160,p=1024",2,13
"q=160,p=1024",2,11
"q=160,p=1024",2,8
"q=160,p=1024",2,8
"q=160,p=1024",2,11
"q=160,p=1024",2,8
"q=160,p=1024",2,9
"q=160,p=1024",2,6
"q=160,p=1024",2,13
"q=160,p=1024",2,7
"q=160,p=1024",2,3
"q=160,p=1024",2,6
"q=160,p=1024",2,9
"q=160,p=1024",2,10
"q=160,p=1024",2,11
"q=160,p=1024",2,3
"q=160,p=1024",2,3
"q=160,p=1024",2,10
"q=160,p=1024",2,4
"q=160,p=1024",2,3
"q=160,p=1024",2,5
"q=160,p=1024",2,10
"q=160,p=1024",2,7
"q=160,p=1024",2,7
"q=160,p=1024",2,10
"q=160,p=1024",2,7
"q=160,p=1024",2,12
"q=160,p=1024",2,6
"q=160,p=1024",2,11
"q=160,p=1024",2,7
"q=160,p=1024",2,9
"q=160,p=1024",2,4
"q=160,p=1024",2,5
"q=160,p=1024",2,7
"q=160,p=1024",2,4
"q=160,p=1024",2,4
"q=160,p=1024",2,7
"q=160,p=1024",2,9
"q=160,p=1024",2,6
"q=160,p=1024",2,11
"q=160,p=1024",2,2
"q=160,p=1024",2,9
"q=160,p=1024",2,3
"q=160,p=1024",2,7
"q=160,p=1024",2,5
"q=160,p=1024",2,10
"q=160,p=1024",2,7
"q=160,p=1024",2,9
"q=160,p=1024",2,8
"q=160,p=1024",2,6
"q=160,p=1024",2,9
"q=160,p=1024",2,10
"q=160,p=1024",2,10
"q=160,p=1024",2,10
"q=160,p=1024",2,6
"q=160,p=1024",2,5
"q=160,p=1024",2,7
"q=160,p=1024",2,13
"q=160,p=1024",2,9
"q=160,p=1024",2,3
"q=160,p=1024",2,9
"q=160,p=1024",2,7
"q=160,p=1024",2,9
"q=160,p=1024",2,12
"q=160,p=1024",2,12
"q=160,p=1024",2,6
"q=160,p=1024",2,5
"q=160,p=1024",2,5
"q=160,p=1024",2,8
"q=160,p=1024",2,4
"q=160,p=1024",2,4
"q=160,p=1024",2,7
"q=160,p=1024",2,9
"q=160,p=1024",2,4
"q=160,p=1024",2,9
"q=160,p=1024",2,7
"q=160,p=1024",2,8
"q=160,p=1024",2,12
"q=160,p=1024",2,9
"q=160,p=1024",2,5
"q=160,p=1024",2,2
"q=160,p=1024",2,3
"q=160,p=1024",2,7
"q=160,p=1024",2,4
"q=160,p=1024",2,7
"q=160,p=1024",2,8
"q=160,p=1024",2,4
"q=160,p=1024",2,6
"q=160,p=1024",2,8
"q=160,p=1024",2,8
"q=160,p=1024",2,13
"q=160,p=1024",2,4
"q=160,p=1024",2,8
"q=160,p=1024",2,8
"q=160,p=1024",2,6
"q=160,p=1024",2,9
"q=160,p=1024",2,3
"q=160,p=1024",2,12
"q=160,p=1024",2,10
"q=160,p=1024",2,6
"q=160,p=1024",2,7
"q=160,p=1024",2,7
"q=160,p=1024",2,5
"q=160,p=1024",2,5
"q=160,p=1024",2,4
"q=160,p=1024",2,8
"q=160,p=1024",2,10
"q=160,p=1024",2,4
"q=160,p=1024",2,5
"q=160,p=1024",2,4
"q=160,p=1024",2,7
"q=160,p=1024",2,8
"q=160,p=1024",2,10
"q=160,p=1024",2,4
"q=160,p=1024",2,7
"q=160,p=1024",2,6
"q=160,p=1024",2,7
"q=160,p=1024",2,4
"q=160,p=1024",2,9
"q=160,p=1024",2,6
"q=160,p=1024",2,2
"q=160,p=1024",2,7
"q=160,p=1024",2,7
"q=160,p=1024",2,6
"q=160,p=1024",2,6
"q=160,p=1024",2,12
"q=160,p=1024",2,9
"q=160,p=1024",2,10
"q=160,p=1024",2,7
"q=160,p=1024",2,3
"q=160,p=1024",2,6
"q=160,p=1024",2,7
"q=160,p=1024",2,8
"q=160,p=1024",2,8
"q=160,p=1024",2,5
"q=160,p=1024",2,7
"q=160,p=1024",2,8
"q=160,p=1024",2,10
"q=160,p=1024",2,7
"q=160,p=1024",2,7
"q=160,p=1024",2,9
"q=160,p=1024",2,12
"q=160,p=1024",2,6
"q=160,p=1024",2,6
"q=160,p=1024",2,4
"q=160,p=1024",2,7
"q=160,p=1024",2,5
"q=160,p=1024",2,7
"q=160,p=1024",2,5
"q=160,p=1024",2,10
"q=160,p=1024",2,7
"q=160,p=1024",2,9
"q=160,p=1024",2,9
"q=160,p=1024",2,10
"q=160,p=1024",2,6
"q=160,p=1024",2,5
"q=160,p=1024",2,4
"q=160,p=1024",2,7
"q=160,p=1024",2,11
"q=160,p=1024",2,6
"q=160,p=1024",2,6
"q=160,p=1024",2,6
"q=160,p=1024",2,4
"q=160,p=1024",2,7
"q=160,p=1024",2,6
"q=160,p=1024",2,5
"q=160,p=1024",2,8
"q=160,p=1024",2,11
"q=160,p=1024",2,6
"q=160,p=1024",2,10
"q=160,p=1024",2,8
"q=160,p=1024",2,5
"q=160,p=1024",2,8
"q=160,p=1024",2,7
"q=160,p=1024",2,7
"q=160,p=1024",2,9
"q=160,p=1024",2,5
"q=160,p=1024",2,8
"q=160,p=1024",2,5
"q=160,p=1024",2,6
"q=160,p=1024",2,10
"q=160,p=1024",2,5
"q=160,p=1024",2,12
"q=160,p=1024",2,9
"q=160,p=1024",2,8
"q=160,p=1024",2,6
"q=160,p=1024",2,4
"q=160,p=1024",2,3
"q=160,p=1024",2,5
"q=160,p=1024",2,6
"q=160,p=1024",2,12
"q=160,p=1024",2,2
"q=160,p=1024",2,10
"q=160,p=1024",2,6
"q=160,p=1024",2,6
"q=160,p=1024",2,5
"q=160,p=1024",2,5
"q=160,p=1024",2,8
"q=160,p=1024",2,7
"q=160,p=1024",2,9
"q=160,p=1024",2,9
"q=160,p=1024",2,9
"q=160,p=1024",2,8
"q=160,p=1024",2,7
"q=160,p=1024",2,3
"q=160,p=1024",2,9
"q=160,p=1024",2,12
"q=160,p=1024",2,13
"q=160,p=1024",2,8
"q=160,p=1024",2,9
"q=160,p=1024",2,5
"q=160,p=1024",2,9
"q=160,p=1024",2,6
"q=160,p=1024",2,11
"q=160,p=1024",2,9
"q=160,p=1024",2,8
"q=160,p=1024",2,11
"q=160,p=1024",2,10
"q=160,p=1024",2,8
"q=160,p=1024",2,6
"q=160,p=1024",2,7
"q=160,p=1024",2,8
"q=160,p=1024",2,6
"q=160,p=1024",2,8
"q=160,p=1024",2,6
"q=160,p=1024",2,7
"q=160,p=1024",2,6
"q=160,p=1024",2,5
"q=160,p=1024",2,11
"q=160,p=1024",2,7
"q=160,p=1024",2,8
"q=160,p=1024",2,6
"q=160,p=1024",2,6
"q=160,p=1024",2,12
"q=160,p=1024",2,6
"q=160,p=1024",2,8
"q=160,p=1024",2,11
"q=160,p=1024",2,3
"q=160,p=1024",2,7
"q=160,p=1024",2,6
"q=160,p=1024",2,10
"q=160,p=1024",2,10
"q=160,p=1024",2,7
"q=160,p=1024",2,5
"q=160,p=1024",2,4
"q=160,p=1024",2,6
"q=160,p=1024",2,4
"q=160,p=1024",2,4
"q=160,p=1024",2,8
"q=160,p=1024",2,12
"q=160,p=1024",2,7
"q=160,p=1024",2,10
"q=160,p=1024",2,13
"q=160,p=1024",2,9
"q=160,p=1024",2,5
"q=160,p=1024",2,9
"q=160,p=1024",2,3
"q=160,p=1024",2,7
"q=160,p=1024",2,6
"q=160,p=1024",2,6
"q=160,p=1024",2,5
"q=160,p=1024",2,8
"q=160,p=1024",2,4
"q=160,p=1024",2,11
"q=160,p=1024",2,8
"q=160,p=1024",2,5
"q=160,p=1024",2,9
"q=160,p=1024",2,9
"q=160,p=1024",2,7
"q=160,p=1024",2,7
"q=160,p=1024",2,4
"q=160,p=1024",2,4
"q=160,p=1024",2,12
"q=160,p=1024",2,12
"q=160,p=1024",2,6
"q=160,p=1024",2,4
"q=160,p=1024",2,4
"q=160,p=1024",2,9
"q=160,p=1024",2,7
"q=160,p=1024",2,7
"q=160,p=1024",2,9
"q=160,p=1024",2,13
"q=160,p=1024",2,6
"q=160,p=1024",2,3
"q=160,p=1024",2,7
"q=160,p=1024",2,9
"q=160,p=1024",2,9
"q=160,p=1024",2,5
"q=160,p=1024",2,6
"q=160,p=1024",2,2
"q=160,p=1024",2,13
"q=160,p=1024",2,8
"q=160,p=1024",2,5
"q=160,p=1024",2,3
"q=160,p=1024",2,6
"q=160,p=1024",2,7
"q=160,p=1024",2,5
"q=160,p=1024",2,10
"q=160,p=1024",2,3
"q=160,p=1024",2,8
"q=160,p=1024",2,11
"q=160,p=1024",2,12
"q=160,p=1024",2,4
"q=160,p=1024",2,11
"q=160,p=1024",2,6
"q=160,p=1024",2,10
"q=160,p=1024",2,9
"q=160,p=1024",2,8
"q=160,p=1024",2,9
"q=160,p=1024",2,8
"q=160,p=1024",2,7
"q=160,p=1024",2,9
"q=160,p=1024",2,8
"q=160,p=1024",2,8
"q=160,p=1024",2,10
"q=160,p=1024",2,10
"q=160,p=1024",2,9
"q=160,p=1024",2,10
"q=160,p=1024",2,7
"q=160,p=1024",2,2
"q=160,p=1024",2,5
"q=160,p=1024",2,7
"q=160,p=1024",2,5
"q=160,p=1024",2,11
"q=160,p=1024",2,6
"q=160,p=1024",2,6
"q=160,p=1024",2,9
"q=160,p=1024",2,6
"q=160,p=1024",2,6
"q=160,p=1024",2,8
"q=160,p=1024",2,6
"q=160,p=1024",2,10
"q=160,p=1024",2,9
"q=160,p=1024",2,8
"q=160,p=1024",2,10
"q=160,p=1024",2,13
"q=160,p=1024",2,10
"q=160,p=1024",2,5
"q=160,p=1024",2,6
"q=160,p=1024",2,12
"q=160,p=1024",2,7
"q=160,p=1024",2,7
"q=160,p=1024",2,5
"q=160,p=1024",2,13
"q=160,p=1024",2,7
"q=160,p=1024",2,12
"q=160,p=1024",2,11
"q=160,p=1024",2,4
"q=160,p=1024",2,12
"q=160,p=1024",2,6
"q=160,p=1024",2,8
"q=160,p=1024",2,10
"q=160,p=1024",2,4
"q=160,p=1024",2,12
"q=160,p=1024",2,13
"q=160,p=1024",2,10
"q=160,p=1024",2,3
"q=160,p=1024",2,14
"q=160,p=1024",2,6
"q=160,p=1024",2,11
"q=160,p=1024",2,3
"q=160,p=1024",2,12
"q=160,p=1024",2,4
"q=160,p=1024",2,7
"q=160,p=1024",2,6
"q=160,p=1024",2,5
"q=160,p=1024",2,9
"q=160,p=1024",2,9
"q=160,p=1024",2,9
"q=160,p=1024",2,4
"q=160,p=1024",2,12
"q=160,p=1024",2,5
"q=160,p=1024",2,10
"q=160,p=1024",2,3
"q=160,p=1024",2,7
"q=160,p=1024",2,10
"q=160,p=1024",2,9
"q=160,p=1024",2,6
"q=160,p=1024",2,10
"q=160,p=1024",2,9
"q=160,p=1024",2,6
"q=160,p=1024",2,6
"q=160,p=1024",2,7
"q=160,p=1024",2,8
"q=160,p=1024",2,7
"q=160,p=1024",2,11
"q=160,p=1024",2,10
"q=160,p=1024",2,4
"q=160,p=1024",2,12
"q=160,p=1024",2,5
"q=160,p=1024",2,7
"q=160,p=1024",2,10
"q=160,p=1024",2,12
"q=160,p=1024",2,7
"q=160,p=1024",2,9
"q=160,p=1024",2,4
"q=160,p=1024",2,9
"q=160,p=1024",2,6
"q=160,p=1024",2,8
"q=160,p=1024",2,7
"q=160,p=1024",2,12
"q=160,p=1024",2,10
"q=160,p=1024",2,10
"q=160,p=1024",2,11
"q=160,p=1024",2,3
"q=160,p=1024",2,8
"q=160,p=1024",2,7
"q=160,p=1024",2,14
"q=160,p=1024",2,10
"q=160,p=1024",2,13
"q=160,p=1024",2,6
"q=160,p=1024",2,10
"q=160,p=1024",2,10
"q=160,p=1024",2,7
"q=160,p=1024",2,6
"q=160,p=1024",2,4
"q=160,p=1024",2,5
"q=160,p=1024",2,5
"q=160,p=1024",2,10
"q=160,p=1024",2,6
"q=160,p=1024",2,2
"q=160,p=1024",2,5
"q=160,p=1024",2,13
"q=160,p=1024",2,8
"q=160,p=1024",2,8
"q=160,p=1024",2,11
"q=160,p=1024",2,5
"q=160,p=1024",2,11
"q=160,p=1024",2,5
"q=160,p=1024",2,10
"q=160,p=1024",2,9
"q=160,p=1024",2,7
"q=160,p=1024",2,10
"q=160,p=1024",2,13
"q=160,p=1024",2,8
"q=160,p=1024",2,12
"q=160,p=1024",2,9
"q=160,p=1024",2,4
"q=160,p=1024",2,11
"q=160,p=1024",2,8
"q=160,p=1024",2,12
"q=160,p=1024",2,6
"q=160,p=1024",2,6
"q=160,p=1024",2,8
"q=160,p=1024",2,7
"q=160,p=1024",2,8
"q=160,p=1024",2,9
"q=160,p=1024",2,8
"q=160,p=1024",2,9
"q=160,p=1024",2,8
"q=160,p=1024",2,5
"q=160,p=1024",2,9
"q=160,p=1024",2,6
"q=160,p=1024",2,8
"q=160,p=1024",2,9
"q=160,p=1024",2,8
"q=160,p=1024",2,9
"q=160,p=1024",2,5
"q=160,p=1024",2,7
"q=160,p=1024",2,7
"q=160,p=1024",2,6
"q=160,p=1024",2,7
"q=160,p=1024",2,4
"q=160,p=1024",2,7
"q=160,p=1024",2,7
"q=160,p=1024",2,11
"q=160,p=1024",2,4
"q=160,p=1024",2,9
"q=160,p=1024",2,6
"q=160,p=1024",2,10
"q=160,p=1024",2,6
"q=160,p=1024",2,10
"q=160,p=1024",2,10
"q=160,p=1024",2,12
"q=160,p=1024",2,10
"q=160,p=1024",2,8
"q=160,p=1024",2,11
"q=160,p=1024",2,6
"q=160,p=1024",2,11
"q=160,p=1024",2,9
"q=160,p=1024",2,10
"q=160,p=1024",2,5
"q=160,p=1024",2,3
"q=160,p=1024",2,12
"q=160,p=1024",2,10
"q=160,p=1024",2,7
"q=160,p=1024",2,8
"q=160,p=1024",2,6
"q=160,p=1024",2,11
"q=160,p=1024",2,12
"q=160,p=1024",2,11
"q=160,p=1024",2,8
"q=160,p=1024",2,9
"q=160,p=1024",2,6
"q=160,p=1024",2,13
"q=160,p=1024",2,13
"q=160,p=1024",2,10
"q=160,p=1024",2,5
"q=160,p=1024",2,12
"q=160,p=1024",2,10
"q=160,p=1024",2,9
"q=160,p=1024",2,10
"q=160,p=1024",2,8
"q=160,p=1024",2,5
"q=160,p=1024",2,9
"q=160,p=1024",2,11
"q=160,p=1024",2,6
"q=160,p=1024",2,9
"q=160,p=1024",2,9
"q=160,p=1024",2,4
"q=160,p=1024",2,8
"q=160,p=1024",2,5
"q=160,p=1024",2,8
"q=160,p=1024",2,7
"q=160,p=1024",2,3
"q=160,p=1024",2,5
"q=160,p=1024",2,9
"q=160,p=1024",2,7
"q=160,p=1024",2,11
"q=160,p=1024",2,8
"q=160,p=1024",2,11
"q=160,p=1024",2,5
"q=160,p=1024",2,7
"q=160,p=1024",2,3
"q=160,p=1024",2,6
"q=160,p=1024",2,5
"q=160,p=1024",2,7
"q=160,p=1024",2,4
"q=160,p=1024",2,7
"q=160,p=1024",2,7
"q=160,p=1024",2,5
"q=160,p=1024",2,10
"q=160,p=1024",2,9
"q=160,p=1024",2,7
"q=160,p=1024",2,10
"q=160,p=1024",2,6
"q=160,p=1024",2,3
"q=160,p=1024",2,7
"q=160,p=1024",2,10
"q=160,p=1024",2,3
"q=160,p=1024",2,8
"q=160,p=1024",2,7
"q=160,p=1024",2,13
"q=160,p=1024",2,10
"q=160,p=1024",2,6
"q=160,p=1024",2,9
"q=160,p=1024",2,13
"q=160,p=1024",2,10
"q=160,p=1024",2,7
"q=160,p=1024",2,3
"q=160,p=1024",2,7
"q=160,p=1024",2,9
"q=160,p=1024",2,7
"q=160,p=1024",2,7
"q=160,p=1024",2,6
"q=160,p=1024",2,11
"q=160,p=1024",2,5
"q=160,p=1024",2,5
"q=160,p=1024",2,7
"q=160,p=1024",2,9
"q=160,p=1024",2,9
"q=160,p=1024",2,7
"q=160,p=1024",2,12
"q=160,p=1024",2,11
"q=160,p=1024",2,6
"q=160,p=1024",2,10
"q=160,p=1024",2,12
"q=160,p=1024",2,3
"q=160,p=1024",2,4
"q=160,p=1024",2,7
"q=160,p=1024",2,8
"q=160,p=1024",2,4
"q=160,p=1024",2,10
"q=160,p=1024",2,7
"q=160,p=1024",2,13
"q=160,p=1024",2,5
"q=160,p=1024",2,12
"q=160,p=1024",2,9
"q=160,p=1024",2,9
"q=160,p=1024",2,12
"q=160,p=1024",2,11
"q=160,p=1024",2,6
"q=160,p=1024",2,12
"q=160,p=1024",2,10
"q=160,p=1024",2,3
"q=160,p=1024",2,6
"q=160,p=1024",2,5
"q=160,p=1024",2,9
"q=160,p=1024",2,6
"q=160,p=1024",2,12
"q=160,p=1024",2,9
"q=160,p=1024",2,5
"q=160,p=1024",2,9
"q=160,p=1024",2,6
"q=160,p=1024",2,8
"q=160,p=1024",2,6
"q=160,p=1024",2,5
"q=160,p=1024",2,3
"q=160,p=1024",2,7
"q=160,p=1024",2,13
"q=160,p=1024",2,6
"q=160,p=1024",2,9
"q=160,p=1024",2,10
"q=160,p=1024",2,8
"q=160,p=1024",2,2
"q=160,p=1024",2,12
"q=160,p=1024",2,4
"q=160,p=1024",2,6
"q=160,p=1024",2,8
"q=160,p=1024",2,8
"q=160,p=1024",2,9
"q=160,p=1024",2,7
"q=160,p=1024",2,6
"q=160,p=1024",2,5
"q=160,p=1024",2,4
"q=160,p=1024",2,5
"q=160,p=1024",2,6
"q=160,p=1024",2,8
"q=160,p=1024",2,6
"q=160,p=1024",2,4
"q=160,p=1024",2,8
"q=160,p=1024",2,9
"q=160,p=1024",2,5
"q=160,p=1024",2,7
"q=160,p=1024",2,7
"q=160,p=1024",2,8
"q=160,p=1024",2,5
"q=160,p=1024",2,7
"q=160,p=1024",2,9
"q=160,p=1024",2,5
"q=160,p=1024",2,8
"q=160,p=1024",2,5
"q=160,p=1024",2,6
"q=160,p=1024",2,9
"q=160,p=1024",2,11
"q=160,p=1024",2,6
"q=160,p=1024",2,12
"q=160,p=1024",2,13
"q=160,p=1024",2,10
"q=160,p=1024",2,7
"q=160,p=1024",2,7
"q=160,p=1024",2,3
"q=160,p=1024",2,8
"q=160,p=1024",2,10
"q=160,p=1024",2,11
"q=160,p=1024",2,4
"q=160,p=1024",2,7
"q=160,p=1024",2,4
"q=160,p=1024",2,8
"q=160,p=1024",2,9
"q=160,p=1024",2,10
"q=160,p=1024",2,7
"q=160,p=1024",2,11
"q=160,p=1024",2,12
"q=160,p=1024",2,7
"q=160,p=1024",2,6
"q=160,p=1024",2,6
"q=160,p=1024",2,9
"q=160,p=1024",2,8
"q=160,p=1024",2,8
"q=160,p=1024",2,7
"q=160,p=1024",2,7
"q=160,p=1024",2,9
"q=160,p=1024",2,6
"q=160,p=1024",2,9
"q=160,p=1024",2,9
"q=160,p=1024",2,4
"q=160,p=1024",2,10
"q=160,p=1024",2,9
"q=160,p=1024",2,8
"q=160,p=1024",2,7
"q=160,p=1024",2,7
"q=160,p=1024",2,9
"q=160,p=1024",2,6
"q=160,p=1024",2,6
"q=160,p=1024",2,8
"q=160,p=1024",2,8
"q=160,p=1024",2,11
"q=160,p=1024",2,8
"q=160,p=1024",2,4
"q=160,p=1024",2,6
"q=160,p=1024",2,6
"q=160,p=1024",2,9
"q=160,p=1024",2,7
"q=160,p=1024",2,3
"q=160,p=1024",2,7
"q=160,p=1024",2,14
"q=160,p=1024",2,9
"q=160,p=1024",2,11
"q=160,p=1024",2,4
"q=160,p=1024",2,8
"q=160,p=1024",2,7
"q=160,p=1024",2,8
"q=160,p=1024",2,7
"q=160,p=1024",2,9
"q=160,p=1024",2,10
"q=160,p=1024",2,7
"q=160,p=1024",2,4
"q=160,p=1024",2,9
"q=160,p=1024",2,3
"q=160,p=1024",2,10
"q=160,p=1024",2,3
"q=160,p=1024",2,6
"q=160,p=1024",2,7
"q=160,p=1024",2,4
"q=160,p=1024",2,7
"q=160,p=1024",2,4
"q=160,p=1024",2,8
"q=160,p=1024",2,9
"q=160,p=1024",2,7
"q=160,p=1024",2,5
"q=160,p=1024",2,11
"q=160,p=1024",2,7
"q=160,p=1024",2,10
"q=160,p=1024",2,12
"q=160,p=1024",2,11
"q=160,p=1024",2,12
"q=160,p=1024",2,10
"q=160,p=1024",2,9
"q=160,p=1024",2,8
"q=160,p=1024",2,11
"q=160,p=1024",2,9
"q=160,p=1024",2,7
"q=160,p=1024",2,10
"q=160,p=1024",2,7
"q=160,p=1024",2,8
"q=160,p=1024",2,8
"q=160,p=1024",2,10
"q=160,p=1024",2,8
"q=160,p=1024",2,10
"q=160,p=1024",2,5
"q=160,p=1024",2,3
"q=160,p=1024",2,13
"q=160,p=1024",2,6
"q=160,p=1024",2,8
"q=160,p=1024",2,11
"q=160,p=1024",2,12
"q=160,p=1024",2,9
"q=160,p=1024",2,5
"q=160,p=1024",2,5
"q=160,p=1024",2,8
"q=160,p=1024",2,11
"q=160,p=1024",2,7
"q=160,p=1024",2,11
"q=160,p=1024",2,8
"q=160,p=1024",2,14
"q=160,p=1024",2,4
"q=160,p=1024",2,7
"q=160,p=1024",2,6
"q=160,p=1024",2,9
"q=160,p=1024",2,6
"q=160,p=1024",2,10
"q=160,p=1024",2,8
"q=160,p=1024",2,4
"q=160,p=1024",2,12
"q=160,p=1024",2,9
"q=160,p=1024",2,6
"q=160,p=1024",2,10
"q=160,p=1024",2,4
"q=160,p=1024",2,7
"q=160,p=1024",2,5
"q=160,p=1024",2,5
"q=160,p=1024",2,8
"q=160,p=1024",2,6
"q=160,p=1024",2,10
"q=160,p=1024",2,9
"q=160,p=1024",2,8
"q=160,p=1024",2,8
"q=160,p=1024",2,8
"q=160,p=1024",2,12
"q=160,p=1024",2,10
"q=160,p=1024",2,7
"q=160,p=1024",2,6
"q=160,p=1024",2,8
"q=160,p=1024",2,7
"q=160,p=1024",2,5
"q=160,p=1024",2,5
"q=160,p=1024",2,8
"q=160,p=1024",2,5
"q=160,p=1024",2,10
"q=160,p=1024",2,5
"q=160,p=1024",2,5
"q=160,p=1024",2,6
"q=160,p=1024",2,5
"q=160,p=1024",2,4
"q=160,p=1024",2,8
"q=160,p=1024",2,8
"q=160,p=1024",2,4
"q=160,p=1024",2,7
"q=160,p=1024",2,8
"q=160,p=1024",2,8
"q=160,p=1024",2,11
"q=160,p=1024",2,5
"q=160,p=1024",2,7
"q=160,p=1024",2,8
"q=160,p=1024",2,9
"q=160,p=1024",2,8
"q=160,p=1024",2,12
"q=160,p=1024",2,7
"q=160,p=1024",2,7
"q=160,p=1024",3,65
"q=160,p=1024",3,73
"q=160,p=1024",3,88
"q=160,p=1024",3,133
"q=160,p=1024",3,179
"q=160,p=1024",3,100
"q=160,p=1024",3,122
"q=160,p=1024",3,142
"q=160,p=1024",3,177
"q=160,p=1024",3,93
"q=160,p=1024",3,151
"q=160,p=1024",3,126
"q=160,p=1024",3,121
"q=160,p=1024",3,105
"q=160,p=1024",3,166
"q=160,p=1024",3,60
"q=160,p=1024",3,54
"q=160,p=1024",3,96
"q=160,p=1024",3,137
"q=160,p=1024",3,107
"q=160,p=1024",3,170
"q=160,p=1024",3,150
"q=160,p=1024",3,188
"q=160,p=1024",3,114
"q=160,p=1024",3,127
"q=160,p=1024",3,137
"q=160,p=1024",3,90
"q=160,p=1024",3,142
"q=160,p=1024",3,171
"q=160,p=1024",3,55
"q=160,p=1024",3,125
"q=160,p=1024",3,137
"q=160,p=1024",3,102
"q=160,p=1024",3,117
"q=160,p=1024",3,88
"q=160,p=1024",3,65
"q=160,p=1024",3,101
"q=160,p=1024",3,137
"q=160,p=1024",3,89
"q=160,p=1024",3,153
"q=160,p=1024",3,97
"q=160,p=1024",3,110
"q=160,p=1024",3,85
"q=160,p=1024",3,74
"q=160,p=1024",3,81
"q=160,p=1024",3,110
"q=160,p=1024",3,162
"q=160,p=1024",3,139
"q=160,p=1024",3,121
"q=160,p=1024",3,119
"q=160,p=1024",3,98
"q=160,p=1024",3,126
"q=160,p=1024",3,149
"q=160,p=1024",3,117
"q=160,p=1024",3,147
"q=160,p=1024",3,153
"q=160,p=1024",3,117
"q=160,p=1024",3,49
"q=160,p=1024",3,165
"q=160,p=1024",3,125
"q=160,p=1024",3,152
"q=160,p=1024",3,114
"q=160,p=1024",3,176
"q=160,p=1024",3,164
"q=160,p=1024",3,146
"q=160,p=1024",3,113
"q=160,p=1024",3,132
"q=160,p=1024",3,159
"q=160,p=1024",3,99
"q=160,p=1024",3,50
"q=160,p=1024",3,128
"q=160,p=1024",3,46
"q=160,p=1024",3,92
"q=160,p=1024",3,118
"q=160,p=1024",3,131
"q=160,p=1024",3,132
"q=160,p=1024",3,83
"q=160,p=1024",3,148
"q=160,p=1024",3,54
"q=160,p=1024",3,137
"q=160,p=1024",3,109
"q=160,p=1024",3,144
"q=160,p=1024",3,116
"q=160,p=1024",3,157
"q=160,p=1024",3,141
"q=160,p=1024",3,133
"q=160,p=1024",3,69
"q=160,p=1024",3,96
"q=160,p=1024",3,94
"q=160,p=1024",3,86
"q=160,p=1024",3,49
"q=160,p=1024",3,124
"q=160,p=1024",3,115
"q=160,p=1024",3,123
"q=160,p=1024",3,170
"q=160,p=1024",3,177
"q=160,p=1024",3,129
"q=160,p=1024",3,128
"q=160,p=1024",3,148
"q=160,p=1024",3,102
"q=160,p=1024",3,130
"q=160,p=1024",3,132
"q=160,p=1024",3,184
"q=160,p=1024",3,81
"q=160,p=1024",3,56
"q=160,p=1024",3,96
"q=160,p=1024",3,56
"q=160,p=1024",3,100
"q=160,p=1024",3,69
"q=160,p=1024",3,127
"q=160,p=1024",3,109
"q=160,p=1024",3,138
"q=160,p=1024",3,104
"q=160,p=1024",3,171
"q=160,p=1024",3,101
"q=160,p=1024",3,60
"q=160,p=1024",3,78
"q=160,p=1024",3,139
"q=160,p=1024",3,135
"q=160,p=1024",3,86
"q=160,p=1024",3,151
"q=160,p=1024",3,60
"q=160,p=1024",3,83
"q=160,p=1024",3,149
"q=160,p=1024",3,138
"q=160,p=1024",3,82
"q=160,p=1024",3,126
"q=160,p=1024",3,141
"q=160,p=1024",3,49
"q=160,p=1024",3,154
"q=160,p=1024",3,85
"q=160,p=1024",3,75
"q=160,p=1024",3,44
"q=160,p=1024",3,105
"q=160,p=1024",3,73
"q=160,p=1024",3,63
"q=160,p=1024",3,122
"q=160,p=1024",3,101
"q=160,p=1024",3,90
"q=160,p=1024",3,87
"q=160,p=1024",3,112
"q=160,p=1024",3,118
"q=160,p=1024",3,103
"q=160,p=1024",3,85
"q=160,p=1024",3,114
"q=160,p=1024",3,95
"q=160,p=1024",3,106
"q=160,p=1024",3,131
"q=160,p=1024",3,34
"q=160,p=1024",3,129
"q=160,p=1024",3,56
"q=160,p=1024",3,130
"q=160,p=1024",3,105
"q=160,p=1024",3,77
"q=160,p=1024",3,127
"q=160,p=1024",3,182
"q=160,p=1024",3,124
"q=160,p=1024",3,87
"q=160,p=1024",3,105
"q=160,p=1024",3,124
"q=160,p=1024",3,90
"q=160,p=1024",3,76
"q=160,p=1024",3,96
"q=160,p=1024",3,81
"q=160,p=1024",3,44
"q=160,p=1024",3,134
"q=160,p=1024",3,132
"q=160,p=1024",3,112
"q=160,p=1024",3,113
"q=160,p=1024",3,55
"q=160,p=1024",3,145
"q=160,p=1024",3,135
"q=160,p=1024",3,124
"q=160,p=1024",3,136
"q=160,p=1024",3,142
"q=160,p=1024",3,158
"q=160,p=1024",3,191
"q=160,p=1024",3,82
"q=160,p=1024",3,91
"q=160,p=1024",3,73
"q=160,p=1024",3,80
"q=160,p=1024",3,131
"q=160,p=1024",3,83
"q=160,p=1024",3,93
"q=160,p=1024",3,140
"q=160,p=1024",3,51
"q=160,p=1024",3,66
"q=160,p=1024",3,88
"q=160,p=1024",3,116
"q=160,p=1024",3,123
"q=160,p=1024",3,76
"q=160,p=1024",3,125
"q=160,p=1024",3,74
"q=160,p=1024",3,56
"q=160,p=1024",3,104
"q=160,p=1024",3,171
"q=160,p=1024",3,105
"q=160,p=1024",3,171
"q=160,p=1024",3,106
"q=160,p=1024",3,72
"q=160,p=1024",3,123
"q=160,p=1024",3,89
"q=160,p=1024",3,108
"q=160,p=1024",3,57
"q=160,p=1024",3,56
"q=160,p=1024",3,174
"q=160,p=1024",3,157
"q=160,p=1024",3,165
"q=160,p=1024",3,109
"q=160,p=1024",3,178
"q=160,p=1024",3,101
"q=160,p=1024",3,102
"q=160,p=1024",3,76
"q=160,p=1024",3,73
"q=160,p=1024",3,101
"q=160,p=1024",3,127
"q=160,p=1024",3,154
"q=160,p=1024",3,68
"q=160,p=1024",3,150
"q=160,p=1024",3,112
"q=160,p=1024",3,79
"q=160,p=1024",3,128
"q=160,p=1024",3,133
"q=160,p=1024",3,157
"q=160,p=1024",3,158
"q=160,p=1024",3,132
"q=160,p=1024",3,135
"q=160,p=1024",3,170
"q=160,p=1024",3,147
"q=160,p=1024",3,124
"q=160,p=1024",3,108
"q=160,p=1024",3,84
"q=160,p=1024",3,58
"q=160,p=1024",3,89
"q=160,p=1024",3,118
"q=160,p=1024",3,177
"q=160,p=1024",3,43
"q=160,p=1024",3,150
"q=160,p=1024",3,88
"q=160,p=1024",3,155
"q=160,p=1024",3,78
"q=160,p=1024",3,40
"q=160,p=1024",3,72
"q=160,p=1024",3,92
"q=160,p=1024",3,105
"q=160,p=1024",3,129
"q=160,p=1024",3,63
"q=160,p=1024",3,119
"q=160,p=1024",3,98
"q=160,p=1024",3,116
"q=160,p=1024",3,58
"q=160,p=1024",3,99
"q=160,p=1024",3,192
"q=160,p=1024",3,93
"q=160,p=1024",3,135
"q=160,p=1024",3,131
"q=160,p=1024",3,86
"q=160,p=1024",3,116
"q=160,p=1024",3,75
"q=160,p=1024",3,81
"q=160,p=1024",3,106
"q=160,p=1024",3,128
"q=160,p=1024",3,136
"q=160,p=1024",3,154
"q=160,p=1024",3,168
"q=160,p=1024",3,117
"q=160,p=1024",3,113
"q=160,p=1024",3,101
"q=160,p=1024",3,98
"q=160,p=1024",3,55
"q=160,p=1024",3,132
"q=160,p=1024",3,159
"q=160,p=1024",3,75
"q=160,p=1024",3,122
"q=160,p=1024",3,105
"q=160,p=1024",3,77
"q=160,p=1024",3,99
"q=160,p=1024",3,114
"q=160,p=1024",3,89
"q=160,p=1024",3,51
"q=160,p=1024",3,111
"q=160,p=1024",3,131
"q=160,p=1024",3,119
"q=160,p=1024",3,103
"q=160,p=1024",3,79
"q=160,p=1024",3,144
"q=160,p=1024",3,148
"q=160,p=1024",3,57
"q=160,p=1024",3,117
"q=160,p=1024",3,114
"q=160,p=1024",3,124
"q=160,p=1024",3,152
"q=160,p=1024",3,77
"q=160,p=1024",3,93
"q=160,p=1024",3,126
"q=160,p=1024",3,68
"q=160,p=1024",3,67
"q=160,p=1024",3,120
"q=160,p=1024",3,111
"q=160,p=1024",3,109
"q=160,p=1024",3,56
"q=160,p=1024",3,124
"q=160,p=1024",3,98
"q=160,p=1024",3,115
"q=160,p=1024",3,126
"q=160,p=1024",3,76
"q=160,p=1024",3,101
"q=160,p=1024",3,107
"q=160,p=1024",3,64
"q=160,p=1024",3,58
"q=160,p=1024",3,76
"q=160,p=1024",3,147
"q=160,p=1024",3,101
"q=160,p=1024",3,119
"q=160,p=1024",3,67
"q=160,p=1024",3,123
"q=160,p=1024",3,121
"q=160,p=1024",3,82
"q=160,p=1024",3,73
"q=160,p=1024",3,66
"q=160,p=1024",3,124
"q=160,p=1024",3,106
"q=160,p=1024",3,126
"q=160,p=1024",3,123
"q=160,p=1024",3,166
"q=160,p=1024",3,112
"q=160,p=1024",3,83
"q=160,p=1024",3,111
"q=160,p=1024",3,155
"q=160,p=1024",3,158
"q=160,p=1024",3,168
"q=160,p=1024",3,86
"q=160,p=1024",3,85
"q=160,p=1024",3,142
"q=160,p=1024",3,90
"q=160,p=1024",3,64
"q=160,p=1024",3,131
"q=160,p=1024",3,159
"q=160,p=1024",3,86
"q=160,p=1024",3,139
"q=160,p=1024",3,127
"q=160,p=1024",3,125
"q=160,p=1024",3,150
"q=160,p=1024",3,98
"q=160,p=1024",3,106
"q=160,p=1024",3,105
"q=160,p=1024",3,90
"q=160,p=1024",3,162
"q=160,p=1024",3,130
"q=160,p=1024",3,62
"q=160,p=1024",3,69
"q=160,p=1024",3,104
"q=160,p=1024",3,94
"q=160,p=1024",3,75
"q=160,p=1024",3,137
"q=160,p=1024",3,101
"q=160,p=1024",3,103
"q=160,p=1024",3,59
"q=160,p=1024",3,153
"q=160,p=1024",3,92
"q=160,p=1024",3,112
"q=160,p=1024",3,137
"q=160,p=1024",3,172
"q=160,p=1024",3,184
"q=160,p=1024",3,133
"q=160,p=1024",3,107
"q=160,p=1024",3,133
"q=160,p=1024",3,57
"q=160,p=1024",3,158
"q=160,p=1024",3,164
"q=160,p=1024",3,56
"q=160,p=1024",3,107
"q=160,p=1024",3,156
"q=160,p=1024",3,151
"q=160,p=1024",3,47
"q=160,p=1024",3,124
"q=160,p=1024",3,73
"q=160,p=1024",3,75
"q=160,p=1024",3,158
"q=160,p=1024",3,112
"q=160,p=1024",3,108
"q=160,p=1024",3,126
"q=160,p=1024",3,178
"q=160,p=1024",3,70
"q=160,p=1024",3,76
"q=160,p=1024",3,61
"q=160,p=1024",3,199
"q=160,p=1024",3,135
"q=160,p=1024",3,112
"q=160,p=1024",3,137
"q=160,p=1024",3,107
"q=160,p=1024",3,126
"q=160,p=1024",3,164
"q=160,p=1024",3,127
"q=160,p=1024",3,114
"q=160,p=1024",3,61
"q=160,p=1024",3,67
"q=160,p=1024",3,91
"q=160,p=1024",3,128
"q=160,p=1024",3,168
"q=160,p=1024",3,86
"q=160,p=1024",3,134
"q=160,p=1024",3,135
"q=160,p=1024",3,82
"q=160,p=1024",3,115
"q=160,p=1024",3,129
"q=160,p=1024",3,123
"q=160,p=1024",3,157
"q=160,p=1024",3,158
"q=160,p=1024",3,109
"q=160,p=1024",3,73
"q=160,p=1024",3,92
"q=160,p=1024",3,106
"q=160,p=1024",3,60
"q=160,p=1024",3,123
"q=160,p=1024",3,101
"q=160,p=1024",3,176
"q=160,p=1024",3,164
"q=160,p=1024",3,178
"q=160,p=1024",3,120
"q=160,p=1024",3,99
"q=160,p=1024",3,118
"q=160,p=1024",3,155
"q=160,p=1024",3,187
"q=160,p=1024",3,95
"q=160,p=1024",3,110
"q=160,p=1024",3,144
"q=160,p=1024",3,120
"q=160,p=1024",3,113
"q=160,p=1024",3,63
"q=160,p=1024",3,91
"q=160,p=1024",3,125
"q=160,p=1024",3,98
"q=160,p=1024",3,134
"q=160,p=1024",3,75
"q=160,p=1024",3,124
"q=160,p=1024",3,111
"q=160,p=1024",3,123
"q=160,p=1024",3,108
"q=160,p=1024",3,128
"q=160,p=1024",3,92
"q=160,p=1024",3,118
"q=160,p=1024",3,94
"q=160,p=1024",3,159
"q=160,p=1024",3,41
"q=160,p=1024",3,147
"q=160,p=1024",3,81
"q=160,p=1024",3,77
"q=160,p=1024",3,157
"q=160,p=1024",3,124
"q=160,p=1024",3,78
"q=160,p=1024",3,128
"q=160,p=1024",3,167
"q=160,p=1024",3,67
"q=160,p=1024",3,98
"q=160,p=1024",3,94
"q=160,p=1024",3,170
"q=160,p=1024",3,179
"q=160,p=1024",3,143
"q=160,p=1024",3,84
"q=160,p=1024",3,121
"q=160,p=1024",3,155
"q=160,p=1024",3,111
"q=160,p=1024",3,100
"q=160,p=1024",3,144
"q=160,p=1024",3,66
"q=160,p=1024",3,105
"q=160,p=1024",3,100
"q=160,p=1024",3,112
"q=160,p=1024",3,77
"q=160,p=1024",3,165
"q=160,p=1024",3,99
"q=160,p=1024",3,111
"q=160,p=1024",3,170
"q=160,p=1024",3,123
"q=160,p=1024",3,100
"q=160,p=1024",3,176
"q=160,p=1024",3,186
"q=160,p=1024",3,117
"q=160,p=1024",3,68
"q=160,p=1024",3,103
"q=160,p=1024",3,49
"q=160,p=1024",3,126
"q=160,p=1024",3,134
"q=160,p=1024",3,150
"q=160,p=1024",3,178
"q=160,p=1024",3,107
"q=160,p=1024",3,140
"q=160,p=1024",3,119
"q=160,p=1024",3,139
"q=160,p=1024",3,113
"q=160,p=1024",3,121
"q=160,p=1024",3,132
"q=160,p=1024",3,109
"q=160,p=1024",3,115
"q=160,p=1024",3,173
"q=160,p=1024",3,70
"q=160,p=1024",3,112
"q=160,p=1024",3,141
"q=160,p=1024",3,106
"q=160,p=1024",3,103
"q=160,p=1024",3,163
"q=160,p=1024",3,79
"q=160,p=1024",3,132
"q=160,p=1024",3,72
"q=160,p=1024",3,94
"q=160,p=1024",3,117
"q=160,p=1024",3,70
"q=160,p=1024",3,92
"q=160,p=1024",3,86
"q=160,p=1024",3,109
"q=160,p=1024",3,129
"q=160,p=1024",3,149
"q=160,p=1024",3,139
"q=160,p=1024",3,113
"q=160,p=1024",3,112
"q=160,p=1024",3,114
"q=160,p=1024",3,163
"q=160,p=1024",3,108
"q=160,p=1024",3,121
"q=160,p=1024",3,132
"q=160,p=1024",3,107
"q=160,p=1024",3,186
"q=160,p=1024",3,126
"q=160,p=1024",3,66
"q=160,p=1024",3,102
"q=160,p=1024",3,105
"q=160,p=1024",3,148
"q=160,p=1024",3,121
"q=160,p=1024",3,76
"q=160,p=1024",3,131
"q=160,p=1024",3,102
"q=160,p=1024",3,50
"q=160,p=1024",3,103
"q=160,p=1024",3,118
"q=160,p=1024",3,76
"q=160,p=1024",3,88
"q=160,p=1024",3,107
"q=160,p=1024",3,74
"q=160,p=1024",3,47
"q=160,p=1024",3,124
"q=160,p=1024",3,119
"q=160,p=1024",3,101
"q=160,p=1024",3,158
"q=160,p=1024",3,83
"q=160,p=1024",3,157
"q=160,p=1024",3,46
"q=160,p=1024",3,125
"q=160,p=1024",3,146
"q=160,p=1024",3,147
"q=160,p=1024",3,157
"q=160,p=1024",3,50
"q=160,p=1024",3,99
"q=160,p=1024",3,87
"q=160,p=1024",3,72
"q=160,p=1024",3,86
"q=160,p=1024",3,40
"q=160,p=1024",3,50
"q=160,p=1024",3,77
"q=160,p=1024",3,70
"q=160,p=1024",3,68
"q=160,p=1024",3,114
"q=160,p=1024",3,112
"q=160,p=1024",3,129
"q=160,p=1024",3,62
"q=160,p=1024",3,108
"q=160,p=1024",3,141
"q=160,p=1024",3,176
"q=160,p=1024",3,114
"q=160,p=1024",3,86
"q=160,p=1024",3,99
"q=160,p=1024",3,135
"q=160,p=1024",3,72
"q=160,p=1024",3,165
"q=160,p=1024",3,118
"q=160,p=1024",3,162
"q=160,p=1024",3,112
"q=160,p=1024",3,164
"q=160,p=1024",3,61
"q=160,p=1024",3,109
"q=160,p=1024",3,173
"q=160,p=1024",3,105
"q=160,p=1024",3,141
"q=160,p=1024",3,80
"q=160,p=1024",3,142
"q=160,p=1024",3,129
"q=160,p=1024",3,72
"q=160,p=1024",3,102
"q=160,p=1024",3,121
"q=160,p=1024",3,152
"q=160,p=1024",3,90
"q=160,p=1024",3,65
"q=160,p=1024",3,51
"q=160,p=1024",3,123
"q=160,p=1024",3,81
"q=160,p=1024",3,172
"q=160,p=1024",3,183
"q=160,p=1024",3,146
"q=160,p=1024",3,75
"q=160,p=1024",3,93
"q=160,p=1024",3,66
"q=160,p=1024",3,75
"q=160,p=1024",3,137
"q=160,p=1024",3,110
"q=160,p=1024",3,117
"q=160,p=1024",3,109
"q=160,p=1024",3,111
"q=160,p=1024",3,135
"q=160,p=1024",3,142
"q=160,p=1024",3,105
"q=160,p=1024",3,118
"q=160,p=1024",3,100
"q=160,p=1024",3,76
"q=160,p=1024",3,112
"q=160,p=1024",3,192
"q=160,p=1024",3,135
"q=160,p=1024",3,58
"q=160,p=1024",3,132
"q=160,p=1024",3,123
"q=160,p=1024",3,88
"q=160,p=1024",3,163
"q=160,p=1024",3,157
"q=160,p=1024",3,177
"q=160,p=1024",3,181
"q=160,p=1024",3,167
"q=160,p=1024",3,74
"q=160,p=1024",3,102
"q=160,p=1024",3,81
"q=160,p=1024",3,136
"q=160,p=1024",3,137
"q=160,p=1024",3,106
"q=160,p=1024",3,116
"q=160,p=1024",3,133
"q=160,p=1024",3,57
"q=160,p=1024",3,109
"q=160,p=1024",3,120
"q=160,p=1024",3,109
"q=160,p=1024",3,149
"q=160,p=1024",3,149
"q=160,p=1024",3,100
"q=160,p=1024",3,120
"q=160,p=1024",3,153
"q=160,p=1024",3,224
"q=160,p=1024",3,151
"q=160,p=1024",3,108
"q=160,p=1024",3,110
"q=160,p=1024",3,109
"q=160,p=1024",3,159
"q=160,p=1024",3,166
"q=160,p=1024",3,118
"q=160,p=1024",3,98
"q=160,p=1024",3,55
"q=160,p=1024",3,91
"q=160,p=1024",3,81
"q=160,p=1024",3,152
"q=160,p=1024",3,148
"q=160,p=1024",3,90
"q=160,p=1024",3,123
"q=160,p=1024",3,135
"q=160,p=1024",3,131
"q=160,p=1024",3,91
"q=160,p=1024",3,82
"q=160,p=1024",3,115
"q=160,p=1024",3,155
"q=160,p=1024",3,68
"q=160,p=1024",3,91
"q=160,p=1024",3,66
"q=160,p=1024",3,169
"q=160,p=1024",3,116
"q=160,p=1024",3,152
"q=160,p=1024",3,224
"q=160,p=1024",3,218
"q=160,p=1024",3,189
"q=160,p=1024",3,176
"q=160,p=1024",3,201
"q=160,p=1024",3,133
"q=160,p=1024",3,216
"q=160,p=1024",3,164
"q=160,p=1024",3,132
"q=160,p=1024",3,206
"q=160,p=1024",3,97
"q=160,p=1024",3,125
"q=160,p=1024",3,118
"q=160,p=1024",3,140
"q=160,p=1024",3,123
"q=160,p=1024",3,142
"q=160,p=1024",3,114
"q=160,p=1024",3,166
"q=160,p=1024",3,108
"q=160,p=1024",3,106
"q=160,p=1024",3,218
"q=160,p=1024",3,133
"q=160,p=1024",3,242
"q=160,p=1024",3,221
"q=160,p=1024",3,101
"q=160,p=1024",3,197
"q=160,p=1024",3,177
"q=160,p=1024",3,410
"q=160,p=1024",3,176
"q=160,p=1024",3,248
"q=160,p=1024",3,185
"q=160,p=1024",3,219
"q=160,p=1024",3,291
"q=160,p=1024",3,178
"q=160,p=1024",3,240
"q=160,p=1024",3,233
"q=160,p=1024",3,167
"q=160,p=1024",3,100
"q=160,p=1024",3,166
"q=160,p=1024",3,330
"q=160,p=1024",3,287
"q=160,p=1024",3,199
"q=160,p=1024",3,134
"q=160,p=1024",3,255
"q=160,p=1024",3,181
"q=160,p=1024",3,304
"q=160,p=1024",3,362
"q=160,p=1024",3,154
"q=160,p=1024",3,234
"q=160,p=1024",3,241
"q=160,p=1024",3,229
"q=160,p=1024",3,246
"q=160,p=1024",3,241
"q=160,p=1024",3,213
"q=160,p=1024",3,163
"q=160,p=1024",3,185
"q=160,p=1024",3,88
"q=160,p=1024",3,189
"q=160,p=1024",3,179
"q=160,p=1024",3,182
"q=160,p=1024",3,115
"q=160,p=1024",3,274
"q=160,p=1024",3,224
"q=160,p=1024",3,208
"q=160,p=1024",3,183
"q=160,p=1024",3,160
"q=160,p=1024",3,102
"q=160,p=1024",3,91
"q=160,p=1024",3,43
"q=160,p=1024",3,106
"q=160,p=1024",3,123
"q=160,p=1024",3,170
"q=160,p=1024",3,161
"q=160,p=1024",3,149
"q=160,p=1024",3,137
"q=160,p=1024",3,159
"q=160,p=1024",3,145
"q=160,p=1024",3,144
"q=160,p=1024",3,222
"q=160,p=1024",3,194
"q=160,p=1024",3,143
"q=160,p=1024",3,132
"q=160,p=1024",3,212
"q=160,p=1024",3,90
"q=160,p=1024",3,121
"q=160,p=1024",3,191
"q=160,p=1024",3,113
"q=160,p=1024",3,142
"q=160,p=1024",3,153
"q=160,p=1024",3,235
"q=160,p=1024",3,153
"q=160,p=1024",3,195
"q=160,p=1024",3,126
"q=160,p=1024",3,143
"q=160,p=1024",3,151
"q=160,p=1024",3,71
"q=160,p=1024",3,124
"q=160,p=1024",3,68
"q=160,p=1024",3,205
"q=160,p=1024",3,119
"q=160,p=1024",3,200
"q=160,p=1024",3,131
"q=160,p=1024",3,178
"q=160,p=1024",3,257
"q=160,p=1024",3,77
"q=160,p=1024",3,153
"q=160,p=1024",3,167
"q=160,p=1024",3,168
"q=160,p=1024",3,120
"q=160,p=1024",3,160
"q=160,p=1024",3,182
"q=160,p=1024",3,213
"q=160,p=1024",3,145
"q=160,p=1024",3,107
"q=160,p=1024",3,138
"q=160,p=1024",3,100
"q=160,p=1024",3,223
"q=160,p=1024",3,138
"q=160,p=1024",3,86
"q=160,p=1024",3,192
"q=160,p=1024",3,107
"q=160,p=1024",3,229
"q=160,p=1024",3,160
"q=160,p=1024",3,207
"q=160,p=1024",3,135
"q=160,p=1024",3,212
"q=160,p=1024",3,109
"q=160,p=1024",3,131
"q=160,p=1024",3,113
"q=160,p=1024",3,150
"q=160,p=1024",3,159
"q=160,p=1024",3,53
"q=160,p=1024",3,108
"q=160,p=1024",3,244
"q=160,p=1024",3,105
"q=160,p=1024",3,100
"q=160,p=1024",3,162
"q=160,p=1024",3,173
"q=160,p=1024",3,135
"q=160,p=1024",3,103
"q=160,p=1024",3,111
"q=160,p=1024",3,83
"q=160,p=1024",3,157
"q=160,p=1024",3,125
"q=160,p=1024",3,113
"q=160,p=1024",3,145
"q=160,p=1024",3,119
"q=160,p=1024",3,139
"q=160,p=1024",3,164
"q=160,p=1024",3,165
"q=160,p=1024",3,109
"q=160,p=1024",3,193
"q=160,p=1024",3,193
"q=160,p=1024",3,142
"q=160,p=1024",3,185
"q=160,p=1024",3,135
"q=160,p=1024",3,133
"q=160,p=1024",3,154
"q=160,p=1024",3,125
"q=160,p=1024",3,79
"q=160,p=1024",3,177
"q=160,p=1024",3,187
"q=160,p=1024",3,199
"q=160,p=1024",3,165
"q=160,p=1024",3,146
"q=160,p=1024",3,166
"q=160,p=1024",3,92
"q=160,p=1024",3,263
"q=160,p=1024",3,152
"q=160,p=1024",3,195
"q=160,p=1024",3,301
"q=160,p=1024",3,191
"q=160,p=1024",3,103
"q=160,p=1024",3,117
"q=160,p=1024",3,158
"q=160,p=1024",3,174
"q=160,p=1024",3,123
"q=160,p=1024",3,125
"q=160,p=1024",3,181
"q=160,p=1024",3,245
"q=160,p=1024",3,163
"q=160,p=1024",3,90
"q=160,p=1024",3,50
"q=160,p=1024",3,156
"q=160,p=1024",3,129
"q=160,p=1024",3,180
"q=160,p=1024",3,105
"q=160,p=1024",3,77
"q=160,p=1024",3,124
"q=160,p=1024",3,177
"q=160,p=1024",3,135
"q=160,p=1024",3,96
"q=160,p=1024",3,122
"q=160,p=1024",3,107
"q=160,p=1024",3,103
"q=160,p=1024",3,107
"q=160,p=1024",3,203
"q=160,p=1024",3,225
"q=160,p=1024",3,116
"q=160,p=1024",3,165
"q=160,p=1024",3,141
"q=160,p=1024",3,143
"q=160,p=1024",3,207
"q=160,p=1024",3,120
"q=160,p=1024",3,216
"q=160,p=1024",3,236
"q=160,p=1024",3,348
"q=160,p=1024",3,309
"q=160,p=1024",3,144
"q=160,p=1024",3,146
"q=160,p=1024",3,161
"q=160,p=1024",3,54
"q=160,p=1024",3,113
"q=160,p=1024",3,71
"q=160,p=1024",3,141
"q=160,p=1024",3,142
"q=160,p=1024",3,173
"q=160,p=1024",3,69
"q=160,p=1024",3,171
"q=160,p=1024",3,91
"q=160,p=1024",3,118
"q=160,p=1024",3,82
"q=160,p=1024",3,225
"q=160,p=1024",3,138
"q=160,p=1024",3,147
"q=160,p=1024",3,176
"q=160,p=1024",3,151
"q=160,p=1024",3,107
"q=160,p=1024",3,117
"q=160,p=1024",3,106
"q=160,p=1024",3,129
"q=160,p=1024",3,155
"q=160,p=1024",3,113
"q=160,p=1024",3,182
"q=160,p=1024",3,132
"q=160,p=1024",3,62
"q=160,p=1024",3,90
"q=160,p=1024",3,135
"q=160,p=1024",3,180
"q=160,p=1024",3,192
"q=160,p=1024",3,143
"q=160,p=1024",3,87
"q=160,p=1024",3,91
"q=160,p=1024",3,98
"q=160,p=1024",3,89
"q=160,p=1024",3,87
"q=160,p=1024",3,138
"q=160,p=1024",3,179
"q=160,p=1024",3,214
"q=160,p=1024",3,118
"q=160,p=1024",3,152
"q=160,p=1024",3,90
"q=160,p=1024",3,111
"q=160,p=1024",3,199
"q=160,p=1024",3,122
"q=160,p=1024",3,139
"q=160,p=1024",3,107
"q=160,p=1024",3,156
"q=160,p=1024",3,143
"q=160,p=1024",3,167
"q=160,p=1024",3,78
"q=160,p=1024",3,132
"q=160,p=1024",3,204
"q=160,p=1024",3,102
"q=160,p=1024",3,96
"q=160,p=1024",3,121
"q=160,p=1024",3,97
"q=160,p=1024",3,197
"q=160,p=1024",3,175
"q=160,p=1024",3,237
"q=160,p=1024",3,230
"q=160,p=1024",3,129
"q=160,p=1024",3,54
"q=160,p=1024",3,94
"q=160,p=1024",3,130
"q=160,p=1024",3,114
"q=160,p=1024",3,197
"q=160,p=1024",3,154
"q=160,p=1024",3,72
"q=160,p=1024",3,175
"q=160,p=1024",3,102
"q=160,p=1024",3,134
"q=160,p=1024",3,179
"q=160,p=1024",3,135
"q=160,p=1024",3,192
"q=160,p=1024",3,49
"q=160,p=1024",3,141
"q=160,p=1024",3,129
"q=160,p=1024",3,131
"q=160,p=1024",3,150
"q=160,p=1024",3,100
"q=160,p=1024",3,88
"q=160,p=1024",3,118
"q=160,p=1024",3,138
"q=160,p=1024",3,135
"q=160,p=1024",3,130
"q=160,p=1024",3,124
"q=160,p=1024",3,151
"q=160,p=1024",3,171
"q=160,p=1024",3,98
"q=160,p=1024",3,209
"q=160,p=1024",3,190
"q=160,p=1024",3,91
"q=160,p=1024",3,207
"q=160,p=1024",3,142
"q=160,p=1024",3,155
"q=160,p=1024",3,179
"q=160,p=1024",3,157
"q=160,p=1024",3,163
"q=160,p=1024",3,115
"q=160,p=1024",3,86
"q=160,p=1024",3,93
"q=160,p=1024",3,120
"q=160,p=1024",3,97
"q=160,p=1024",3,163
"q=160,p=1024",3,132
"q=160,p=1024",3,144
"q=160,p=1024",3,91
"q=160,p=1024",3,128
"q=160,p=1024",3,145
"q=160,p=1024",3,67
"q=160,p=1024",3,88
"q=160,p=1024",3,135
"q=160,p=1024",3,241
"q=160,p=1024",3,94
"q=160,p=1024",3,167
"q=160,p=1024",3,232
"q=160,p=1024",3,69
"q=160,p=1024",3,124
"q=160,p=1024",3,173
"q=160,p=1024",4,1002
"q=160,p=1024",4,1327
"q=160,p=1024",4,2842
"q=160,p=1024",4,1898
"q=160,p=1024",4,2032
"q=160,p=1024",4,2141
"q=160,p=1024",4,1318
"q=160,p=1024",4,1466
"q=160,p=1024",4,1947
"q=160,p=1024",4,2487
"q=160,p=1024",4,1224
"q=160,p=1024",4,1717
"q=160,p=1024",4,1624
"q=160,p=1024",4,1810
"q=160,p=1024",4,1035
"q=160,p=1024",4,2171
"q=160,p=1024",4,1026
"q=160,p=1024",4,1135
"q=160,p=1024",4,1725
"q=160,p=1024",4,1288
"q=160,p=1024",4,2159
"q=160,p=1024",4,1959
"q=160,p=1024",4,1632
"q=160,p=1024",4,1241
"q=160,p=1024",4,2701
"q=160,p=1024",4,3197
"q=160,p=1024",4,2715
"q=160,p=1024",4,2193
"q=160,p=1024",4,1718
"q=160,p=1024",4,1109
"q=160,p=1024",4,1961
"q=160,p=1024",4,1881
"q=160,p=1024",4,3340
"q=160,p=1024",4,2111
"q=160,p=1024",4,2369
"q=160,p=1024",4,2277
"q=160,p=1024",4,1179
"q=160,p=1024",4,1346
"q=160,p=1024",4,1687
"q=160,p=1024",4,1440
"q=160,p=1024",4,1431
"q=160,p=1024",4,2771
"q=160,p=1024",4,1658
"q=160,p=1024",4,2229
"q=160,p=1024",4,1362
"q=160,p=1024",4,2520
"q=160,p=1024",4,2460
"q=160,p=1024",4,2040
"q=160,p=1024",4,2901
"q=160,p=1024",4,1464
"q=160,p=1024",4,2240
"q=160,p=1024",4,2442
"q=160,p=1024",4,1800
"q=160,p=1024",4,2105
"q=160,p=1024",4,2653
"q=160,p=1024",4,2510
"q=160,p=1024",4,2136
"q=160,p=1024",4,1980
"q=160,p=1024",4,3058
"q=160,p=1024",4,2455
"q=160,p=1024",4,1552
"q=160,p=1024",4,2316
"q=160,p=1024",4,2614
"q=160,p=1024",4,2096
"q=160,p=1024",4,1428
"q=160,p=1024",4,2804
"q=160,p=1024",4,3428
"q=160,p=1024",4,3114
"q=160,p=1024",4,1711
"q=160,p=1024",4,1810
"q=160,p=1024",4,1751
"q=160,p=1024",4,729
"q=160,p=1024",4,1570
"q=160,p=1024",4,1883
"q=160,p=1024",4,2593
"q=160,p=1024",4,2110
"q=160,p=1024",4,1162
"q=160,p=1024",4,3170
"q=160,p=1024",4,2169
"q=160,p=1024",4,2164
"q=160,p=1024",4,2697
"q=160,p=1024",4,1532
"q=160,p=1024",4,1126
"q=160,p=1024",4,2570
"q=160,p=1024",4,1878
"q=160,p=1024",4,1078
"q=160,p=1024",4,1269
"q=160,p=1024",4,1835
"q=160,p=1024",4,2831
"q=160,p=1024",4,2138
"q=160,p=1024",4,2604
"q=160,p=1024",4,1481
"q=160,p=1024",4,2340
"q=160,p=1024",4,1496
"q=160,p=1024",4,2487
"q=160,p=1024",4,2239
"q=160,p=1024",4,2060
"q=160,p=1024",4,2510
"q=160,p=1024",4,2441
"q=160,p=1024",4,2119
"q=160,p=1024",4,2004
"q=160,p=1024",4,3019
"q=160,p=1024",4,1403
"q=160,p=1024",4,1819
"q=160,p=1024",4,1368
"q=160,p=1024",4,3054
"q=160,p=1024",4,1181
"q=160,p=1024",4,1309
"q=160,p=1024",4,2385
"q=160,p=1024",4,2053
"q=160,p=1024",4,1988
"q=160,p=1024",4,1684
"q=160,p=1024",4,2978
"q=160,p=1024",4,1313
"q=160,p=1024",4,1364
"q=160,p=1024",4,1867
"q=160,p=1024",4,3084
"q=160,p=1024",4,1306
"q=160,p=1024",4,2226
"q=160,p=1024",4,2883
"q=160,p=1024",4,1249
"q=160,p=1024",4,1896
"q=160,p=1024",4,1856
"q=160,p=1024",4,2006
"q=160,p=1024",4,2397
"q=160,p=1024",4,891
"q=160,p=1024",4,1338
"q=160,p=1024",4,2373
"q=160,p=1024",4,1667
"q=160,p=1024",4,1653
"q=160,p=1024",4,2972
"q=160,p=1024",4,1388
"q=160,p=1024",4,1591
"q=160,p=1024",4,2801
"q=160,p=1024",4,3178
"q=160,p=1024",4,1837
"q=160,p=1024",4,1091
"q=160,p=1024",4,1931
"q=160,p=1024",4,1410
"q=160,p=1024",4,1595
"q=160,p=1024",4,1998
"q=160,p=1024",4,2493
"q=160,p=1024",4,2074
"q=160,p=1024",4,2088
"q=160,p=1024",4,2231
"q=160,p=1024",4,1288
"q=160,p=1024",4,2002
"q=160,p=1024",4,2609
"q=160,p=1024",4,2328
"q=160,p=1024",4,2634
"q=160,p=1024",4,2289
"q=160,p=1024",4,2990
"q=160,p=1024",4,2432
"q=160,p=1024",4,1271
"q=160,p=1024",4,2674
"q=160,p=1024",4,1493
"q=160,p=1024",4,2701
"q=160,p=1024",4,3140
"q=160,p=1024",4,2241
"q=160,p=1024",4,2250
"q=160,p=1024",4,2660
"q=160,p=1024",4,842
"q=160,p=1024",4,2651
"q=160,p=1024",4,1145
"q=160,p=1024",4,1892
"q=160,p=1024",4,1624
"q=160,p=1024",4,2074
"q=160,p=1024",4,2227
"q=160,p=1024",4,1066
"q=160,p=1024",4,2376
"q=160,p=1024",4,2772
"q=160,p=1024",4,2700
"q=160,p=1024",4,2248
"q=160,p=1024",4,2915
"q=160,p=1024",4,2637
"q=160,p=1024",4,1667
"q=160,p=1024",4,1623
"q=160,p=1024",4,1707
"q=160,p=1024",4,1684
"q=160,p=1024",4,2617
"q=160,p=1024",4,1067
"q=160,p=1024",4,1789
"q=160,p=1024",4,2101
"q=160,p=1024",4,1462
"q=160,p=1024",4,1831
"q=160,p=1024",4,1298
"q=160,p=1024",4,2071
"q=160,p=1024",4,2189
"q=160,p=1024",4,3342
"q=160,p=1024",4,2734
"q=160,p=1024",4,2264
"q=160,p=1024",4,2396
"q=160,p=1024",4,2212
"q=160,p=1024",4,1325
"q=160,p=1024",4,3105
"q=160,p=1024",4,816
"q=160,p=1024",4,1707
"q=160,p=1024",4,1511
"q=160,p=1024",4,2077
"q=160,p=1024",4,1783
"q=160,p=1024",5,37338
"q=160,p=1024",5,26318
"q=160,p=1024",5,25568
"q=160,p=1024",5,29013
"q=160,p=1024",5,43417
"q=160,p=1024",5,23201
"q=160,p=1024",5,29145
"q=160,p=1024",5,32763
"q=160,p=1024",5,21696
"q=160,p=1024",5,15996
"q=160,p=1024",5,26531
"q=160,p=1024",5,32414
"q=160,p=1024",5,21155
"q=160,p=1024",5,35827
"q=160,p=1024",5,25441
"q=160,p=1024",5,31668
"q=160,p=1024",5,19544
"q=160,p=1024",5,31859
"q=160,p=1024",5,16488
"q=160,p=1024",5,18735
"q=160,p=1024",6,316112
"q=160,p=1024",6,307096
"q=160,p=1024",6,272970
"q=160,p=1024",6,253683
"q=160,p=1024",6,305188
"q=256,p=2048",2,29
"q=256,p=2048",2,31
"q=256,p=2048",2,23
"q=256,p=2048",2,19
"q=256,p=2048",2,26
"q=256,p=2048",2,20
"q=256,p=2048",2,20
"q=256,p=2048",2,17
"q=256,p=2048",2,14
"q=256,p=2048",2,12
"q=256,p=2048",2,24
"q=256,p=2048",2,22
"q=256,p=2048",2,15
"q=256,p=2048",2,12
"q=256,p=2048",2,16
"q=256,p=2048",2,26
"q=256,p=2048",2,20
"q=256,p=2048",2,21
"q=256,p=2048",2,12
"q=256,p=2048",2,27
"q=256,p=2048",2,11
"q=256,p=2048",2,16
"q=256,p=2048",2,9
"q=256,p=2048",2,26
"q=256,p=2048",2,23
"q=256,p=2048",2,32
"q=256,p=2048",2,13
"q=256,p=2048",2,11
"q=256,p=2048",2,21
"q=256,p=2048",2,19
"q=256,p=2048",2,34
"q=256,p=2048",2,25
"q=256,p=2048",2,20
"q=256,p=2048",2,33
"q=256,p=2048",2,19
"q=256,p=2048",2,18
"q=256,p=2048",2,13
"q=256,p=2048",2,20
"q=256,p=2048",2,31
"q=256,p=2048",2,25
"q=256,p=2048",2,28
"q=256,p=2048",2,27
"q=256,p=2048",2,22
"q=256,p=2048",2,20
"q=256,p=2048",2,20
"q=256,p=2048",2,36
"q=256,p=2048",2,29
"q=256,p=2048",2,17
"q=256,p=2048",2,27
"q=256,p=2048",2,20
"q=256,p=2048",2,14
"q=256,p=2048",2,23
"q=256,p=2048",2,37
"q=256,p=2048",2,15
"q=256,p=2048",2,28
"q=256,p=2048",2,20
"q=256,p=2048",2,28
"q=256,p=2048",2,36
"q=256,p=2048",2,21
"q=256,p=2048",2,27
"q=256,p=2048",2,28
"q=256,p=2048",2,18
"q=256,p=2048",2,31
"q=256,p=2048",2,33
"q=256,p=2048",2,36
"q=256,p=2048",2,10
"q=256,p=2048",2,13
"q=256,p=2048",2,12
"q=256,p=2048",2,19
"q=256,p=2048",2,22
"q=256,p=2048",2,29
"q=256,p=2048",2,26
"q=256,p=2048",2,21
"q=256,p=2048",2,31
"q=256,p=2048",2,19
"q=256,p=2048",2,19
"q=256,p=2048",2,28
"q=256,p=2048",2,16
"q=256,p=2048",2,29
"q=256,p=2048",2,27
"q=256,p=2048",2,35
"q=256,p=2048",2,30
"q=256,p=2048",2,9
"q=256,p=2048",2,17
"q=256,p=2048",2,24
"q=256,p=2048",2,23
"q=256,p=2048",2,21
"q=256,p=2048",2,9
"q=256,p=2048",2,15
"q=256,p=2048",2,16
"q=256,p=2048",2,24
"q=256,p=2048",2,26
"q=256,p=2048",2,21
"q=256,p=2048",2,17
"q=256,p=2048",2,26
"q=256,p=2048",2,27
"q=256,p=2048",2,17
"q=256,p=2048",2,28
"q=256,p=2048",2,30
"q=256,p=2048",2,10
"q=256,p=2048",2,25
"q=256,p=2048",2,26
"q=256,p=2048",2,21
"q=256,p=2048",2,25
"q=256,p=2048",2,19
"q=256,p=2048",2,23
"q=256,p=2048",2,18
"q=256,p=2048",2,24
"q=256,p=2048",2,32
"q=256,p=2048",2,17
"q=256,p=2048",2,20
"q=256,p=2048",2,33
"q=256,p=2048",2,23
"q=256,p=2048",2,21
"q=256,p=2048",2,16
"q=256,p=2048",2,26
"q=256,p=2048",2,16
"q=256,p=2048",2,25
"q=256,p=2048",2,16
"q=256,p=2048",2,16
"q=256,p=2048",2,30
"q=256,p=2048",2,20
"q=256,p=2048",2,22
"q=256,p=2048",2,20
"q=256,p=2048",2,16
"q=256,p=2048",2,29
"q=256,p=2048",2,25
"q=256,p=2048",2,10
"q=256,p=2048",2,15
"q=256,p=2048",2,16
"q=256,p=2048",2,19
"q=256,p=2048",2,34
"q=256,p=2048",2,13
"q=256,p=2048",2,31
"q=256,p=2048",2,33
"q=256,p=2048",2,23
"q=256,p=2048",2,34
"q=256,p=2048",2,36
"q=256,p=2048",2,29
"q=256,p=2048",2,10
"q=256,p=2048",2,19
"q=256,p=2048",2,20
"q=256,p=2048",2,7
"q=256,p=2048",2,16
"q=256,p=2048",2,21
"q=256,p=2048",2,25
"q=256,p=2048",2,16
"q=256,p=2048",2,14
"q=256,p=2048",2,27
"q=256,p=2048",2,28
"q=256,p=2048",2,21
"q=256,p=2048",2,18
"q=256,p=2048",2,28
"q=256,p=2048",2,25
"q=256,p=2048",2,15
"q=256,p=2048",2,16
"q=256,p=2048",2,17
"q=256,p=2048",2,24
"q=256,p=2048",2,20
"q=256,p=2048",2,23
"q=256,p=2048",2,8
"q=256,p=2048",2,13
"q=256,p=2048",2,35
"q=256,p=2048",2,18
"q=256,p=2048",2,17
"q=256,p=2048",2,26
"q=256,p=2048",2,24
"q=256,p=2048",2,8
"q=256,p=2048",2,14
"q=256,p=2048",2,28
"q=256,p=2048",2,14
"q=256,p=2048",2,9
"q=256,p=2048",2,17
"q=256,p=2048",2,19
"q=256,p=2048",2,25
"q=256,p=2048",2,22
"q=256,p=2048",2,30
"q=256,p=2048",2,19
"q=256,p=2048",2,35
"q=256,p=2048",2,25
"q=256,p=2048",2,24
"q=256,p=2048",2,21
"q=256,p=2048",2,25
"q=256,p=2048",2,36
"q=256,p=2048",2,27
"q=256,p=2048",2,33
"q=256,p=2048",2,10
"q=256,p=2048",2,12
"q=256,p=2048",2,20
"q=256,p=2048",2,13
"q=256,p=2048",2,25
"q=256,p=2048",2,35
"q=256,p=2048",2,21
"q=256,p=2048",2,29
"q=256,p=2048",2,28
"q=256,p=2048",2,33
"q=256,p=2048",2,34
"q=256,p=2048",2,17
"q=256,p=2048",2,16
"q=256,p=2048",2,29
"q=256,p=2048",2,32
"q=256,p=2048",2,15
"q=256,p=2048",2,11
"q=256,p=2048",2,18
"q=256,p=2048",2,17
"q=256,p=2048",2,32
"q=256,p=2048",2,20
"q=256,p=2048",2,30
"q=256,p=2048",2,14
"q=256,p=2048",2,20
"q=256,p=2048",2,24
"q=256,p=2048",2,22
"q=256,p=2048",2,13
"q=256,p=2048",2,23
"q=256,p=2048",2,35
"q=256,p=2048",2,23
"q=256,p=2048",2,14
"q=256,p=2048",2,24
"q=256,p=2048",2,24
"q=256,p=2048",2,23
"q=256,p=2048",2,35
"q=256,p=2048",2,37
"q=256,p=2048",2,21
"q=256,p=2048",2,16
"q=256,p=2048",2,15
"q=256,p=2048",2,23
"q=256,p=2048",2,27
"q=256,p=2048",2,29
"q=256,p=2048",2,11
"q=256,p=2048",2,13
"q=256,p=2048",2,14
"q=256,p=2048",2,20
"q=256,p=2048",2,27
"q=256,p=2048",2,16
"q=256,p=2048",2,18
"q=256,p=2048",2,34
"q=256,p=2048",2,24
"q=256,p=2048",2,17
"q=256,p=2048",2,24
"q=256,p=2048",2,31
"q=256,p=2048",2,29
"q=256,p=2048",2,33
"q=256,p=2048",2,23
"q=256,p=2048",2,33
"q=256,p=2048",2,11
"q=256,p=2048",2,19
"q=256,p=2048",2,32
"q=256,p=2048",2,17
"q=256,p=2048",2,27
"q=256,p=2048",2,16
"q=256,p=2048",2,12
"q=256,p=2048",2,25
"q=256,p=2048",2,16
"q=256,p=2048",2,27
"q=256,p=2048",2,9
"q=256,p=2048",2,20
"q=256,p=2048",2,34
"q=256,p=2048",2,17
"q=256,p=2048",2,28
"q=256,p=2048",2,24
"q=256,p=2048",2,25
"q=256,p=2048",2,30
"q=256,p=2048",2,32
"q=256,p=2048",2,30
"q=256,p=2048",2,23
"q=256,p=2048",2,18
"q=256,p=2048",2,22
"q=256,p=2048",2,18
"q=256,p=2048",2,26
"q=256,p=2048",2,15
"q=256,p=2048",2,31
"q=256,p=2048",2,23
"q=256,p=2048",2,24
"q=256,p=2048",2,17
"q=256,p=2048",2,14
"q=256,p=2048",2,7
"q=256,p=2048",2,15
"q=256,p=2048",2,39
"q=256,p=2048",2,29
"q=256,p=2048",2,25
"q=256,p=2048",2,33
"q=256,p=2048",2,27
"q=256,p=2048",2,15
"q=256,p=2048",2,16
"q=256,p=2048",2,14
"q=256,p=2048",2,36
"q=256,p=2048",2,18
"q=256,p=2048",2,36
"q=256,p=2048",2,18
"q=256,p=2048",2,21
"q=256,p=2048",2,27
"q=256,p=2048",2,20
"q=256,p=2048",2,26
"q=256,p=2048",2,27
"q=256,p=2048",2,24
"q=256,p=2048",2,20
"q=256,p=2048",2,25
"q=256,p=2048",2,35
"q=256,p=2048",2,40
"q=256,p=2048",2,33
"q=256,p=2048",2,15
"q=256,p=2048",2,19
"q=256,p=2048",2,10
"q=256,p=2048",2,18
"q=256,p=2048",2,16
"q=256,p=2048",2,30
"q=256,p=2048",2,18
"q=256,p=2048",2,28
"q=256,p=2048",2,21
"q=256,p=2048",2,36
"q=256,p=2048",2,24
"q=256,p=2048",2,27
"q=256,p=2048",2,20
"q=256,p=2048",2,33
"q=256,p=2048",2,23
"q=256,p=2048",2,15
"q=256,p=2048",2,26
"q=256,p=2048",2,28
"q=256,p=2048",2,14
"q=256,p=2048",2,26
"q=256,p=2048",2,23
"q=256,p=2048",2,24
"q=256,p=2048",2,29
"q=256,p=2048",2,26
"q=256,p=2048",2,22
"q=256,p=2048",2,29
"q=256,p=2048",2,20
"q=256,p=2048",2,13
"q=256,p=2048",2,12
"q=256,p=2048",2,21
"q=256,p=2048",2,29
"q=256,p=2048",2,21
"q=256,p=2048",2,18
"q=256,p=2048",2,33
"q=256,p=2048",2,23
"q=256,p=2048",2,20
"q=256,p=2048",2,27
"q=256,p=2048",2,36
"q=256,p=2048",2,17
"q=256,p=2048",2,23
"q=256,p=2048",2,25
"q=256,p=2048",2,28
"q=256,p=2048",2,30
"q=256,p=2048",2,17
"q=256,p=2048",2,10
"q=256,p=2048",2,14
"q=256,p=2048",2,29
"q=256,p=2048",2,21
"q=256,p=2048",2,25
"q=256,p=2048",2,27
"q=256,p=2048",2,19
"q=256,p=2048",2,18
"q=256,p=2048",2,11
"q=256,p=2048",2,19
"q=256,p=2048",2,14
"q=256,p=2048",2,37
"q=256,p=2048",2,26
"q=256,p=2048",2,28
"q=256,p=2048",2,13
"q=256,p=2048",2,24
"q=256,p=2048",2,19
"q=256,p=2048",2,19
"q=256,p=2048",2,28
"q=256,p=2048",2,26
"q=256,p=2048",2,17
"q=256,p=2048",2,24
"q=256,p=2048",2,20
"q=256,p=2048",2,19
"q=256,p=2048",2,30
"q=256,p=2048",2,28
"q=256,p=2048",2,23
"q=256,p=2048",2,24
"q=256,p=2048",2,11
"q=256,p=2048",2,15
"q=256,p=2048",2,23
"q=256,p=2048",2,32
"q=256,p=2048",2,38
"q=256,p=2048",2,8
"q=256,p=2048",2,19
"q=256,p=2048",2,16
"q=256,p=2048",2,17
"q=256,p=2048",2,26
"q=256,p=2048",2,17
"q=256,p=2048",2,23
"q=256,p=2048",2,25
"q=256,p=2048",2,18
"q=256,p=2048",2,27
"q=256,p=2048",2,23
"q=256,p=2048",2,31
"q=256,p=2048",2,14
"q=256,p=2048",2,17
"q=256,p=2048",2,23
"q=256,p=2048",2,18
"q=256,p=2048",2,25
"q=256,p=2048",2,17
"q=256,p=2048",2,30
"q=256,p=2048",2,8
"q=256,p=2048",2,20
"q=256,p=2048",2,23
"q=256,p=2048",2,12
"q=256,p=2048",2,17
"q=256,p=2048",2,21
"q=256,p=2048",2,20
"q=256,p=2048",2,25
"q=256,p=2048",2,19
"q=256,p=2048",2,21
"q=256,p=2048",2,25
"q=256,p=2048",2,23
"q=256,p=2048",2,30
"q=256,p=2048",2,8
"q=256,p=2048",2,20
"q=256,p=2048",2,28
"q=256,p=2048",2,25
"q=256,p=2048",2,20
"q=256,p=2048",2,21
"q=256,p=2048",2,23
"q=256,p=2048",2,24
"q=256,p=2048",2,21
"q=256,p=2048",2,27
"q=256,p=2048",2,18
"q=256,p=2048",2,22
"q=256,p=2048",2,20
"q=256,p=2048",2,15
"q=256,p=2048",2,19
"q=256,p=2048",2,18
"q=256,p=2048",2,16
"q=256,p=2048",2,15
"q=256,p=2048",2,33
"q=256,p=2048",2,29
"q=256,p=2048",2,14
"q=256,p=2048",2,31
"q=256,p=2048",2,16
"q=256,p=2048",2,26
"q=256,p=2048",2,10
"q=256,p=2048",2,24
"q=256,p=2048",2,24
"q=256,p=2048",2,15
"q=256,p=2048",2,28
"q=256,p=2048",2,14
"q=256,p=2048",2,25
"q=256,p=2048",2,23
"q=256,p=2048",2,27
"q=256,p=2048",2,25
"q=256,p=2048",2,20
"q=256,p=2048",2,22
"q=256,p=2048",2,24
"q=256,p=2048",2,8
"q=256,p=2048",2,7
"q=256,p=2048",2,30
"q=256,p=2048",2,29
"q=256,p=2048",2,22
"q=256,p=2048",2,36
"q=256,p=2048",2,36
"q=256,p=2048",2,37
"q=256,p=2048",2,22
"q=256,p=2048",2,25
"q=256,p=2048",2,12
"q=256,p=2048",2,26
"q=256,p=2048",2,14
"q=256,p=2048",2,14
"q=256,p=2048",2,23
"q=256,p=2048",2,29
"q=256,p=2048",2,14
"q=256,p=2048",2,25
"q=256,p=2048",2,24
"q=256,p=2048",2,16
"q=256,p=2048",2,19
"q=256,p=2048",2,28
"q=256,p=2048",2,15
"q=256,p=2048",2,22
"q=256,p=2048",2,29
"q=256,p=2048",2,15
"q=256,p=2048",2,28
"q=256,p=2048",2,11
"q=256,p=2048",2,12
"q=256,p=2048",2,16
"q=256,p=2048",2,20
"q=256,p=2048",2,28
"q=256,p=2048",2,21
"q=256,p=2048",2,25
"q=256,p=2048",2,19
"q=256,p=2048",2,34
"q=256,p=2048",2,19
"q=256,p=2048",2,30
"q=256,p=2048",2,24
"q=256,p=2048",2,12
"q=256,p=2048",2,36
"q=256,p=2048",2,20
"q=256,p=2048",2,13
"q=256,p=2048",2,24
"q=256,p=2048",2,28
"q=256,p=2048",2,25
"q=256,p=2048",2,16
"q=256,p=2048",2,29
"q=256,p=2048",2,32
"q=256,p=2048",2,24
"q=256,p=2048",2,18
"q=256,p=2048",2,18
"q=256,p=2048",2,20
"q=256,p=2048",2,27
"q=256,p=2048",2,25
"q=256,p=2048",2,20
"q=256,p=2048",2,27
"q=256,p=2048",2,28
"q=256,p=2048",2,26
"q=256,p=2048",2,25
"q=256,p=2048",2,11
"q=256,p=2048",2,29
"q=256,p=2048",2,10
"q=256,p=2048",2,37
"q=256,p=2048",2,18
"q=256,p=2048",2,26
"q=256,p=2048",2,36
"q=256,p=2048",2,16
"q=256,p=2048",2,17
"q=256,p=2048",2,21
"q=256,p=2048",2,26
"q=256,p=2048",2,26
"q=256,p=2048",2,25
"q=256,p=2048",2,25
"q=256,p=2048",2,17
"q=256,p=2048",2,19
"q=256,p=2048",2,27
"q=256,p=2048",2,21
"q=256,p=2048",2,22
"q=256,p=2048",2,7
"q=256,p=2048",2,14
"q=256,p=2048",2,17
"q=256,p=2048",2,18
"q=256,p=2048",2,23
"q=256,p=2048",2,31
"q=256,p=2048",2,26
"q=256,p=2048",2,23
"q=256,p=2048",2,36
"q=256,p=2048",2,25
"q=256,p=2048",2,22
"q=256,p=2048",2,26
"q=256,p=2048",2,32
"q=256,p=2048",2,21
"q=256,p=2048",2,17
"q=256,p=2048",2,33
"q=256,p=2048",2,17
"q=256,p=2048",2,25
"q=256,p=2048",2,14
"q=256,p=2048",2,16
"q=256,p=2048",2,10
"q=256,p=2048",2,14
"q=256,p=2048",2,22
"q=256,p=2048",2,29
"q=256,p=2048",2,7
"q=256,p=2048",2,25
"q=256,p=2048",2,18
"q=256,p=2048",2,29
"q=256,p=2048",2,27
"q=256,p=2048",2,20
"q=256,p=2048",2,29
"q=256,p=2048",2,15
"q=256,p=2048",2,13
"q=256,p=2048",2,31
"q=256,p=2048",2,14
"q=256,p=2048",2,32
"q=256,p=2048",2,10
"q=256,p=2048",2,21
"q=256,p=2048",2,19
"q=256,p=2048",2,22
"q=256,p=2048",2,22
"q=256,p=2048",2,15
"q=256,p=2048",2,29
"q=256,p=2048",2,35
"q=256,p=2048",2,32
"q=256,p=2048",2,16
"q=256,p=2048",2,35
"q=256,p=2048",2,21
"q=256,p=2048",2,17
"q=256,p=2048",2,31
"q=256,p=2048",2,33
"q=256,p=2048",2,33
"q=256,p=2048",2,17
"q=256,p=2048",2,19
"q=256,p=2048",2,13
"q=256,p=2048",2,25
"q=256,p=2048",2,16
"q=256,p=2048",2,18
"q=256,p=2048",2,23
"q=256,p=2048",2,31
"q=256,p=2048",2,10
"q=256,p=2048",2,18
"q=256,p=2048",2,27
"q=256,p=2048",2,25
"q=256,p=2048",2,19
"q=256,p=2048",2,10
"q=256,p=2048",2,12
"q=256,p=2048",2,22
"q=256,p=2048",2,8
"q=256,p=2048",2,34
"q=256,p=2048",2,17
"q=256,p=2048",2,28
"q=256,p=2048",2,35
"q=256,p=2048",2,8
"q=256,p=2048",2,21
"q=256,p=2048",2,24
"q=256,p=2048",2,22
"q=256,p=2048",2,37
"q=256,p=2048",2,24
"q=256,p=2048",2,31
"q=256,p=2048",2,33
"q=256,p=2048",2,31
"q=256,p=2048",2,23
"q=256,p=2048",2,31
"q=256,p=2048",2,24
"q=256,p=2048",2,16
"q=256,p=2048",2,21
"q=256,p=2048",2,18
"q=256,p=2048",2,26
"q=256,p=2048",2,23
"q=256,p=2048",2,11
"q=256,p=2048",2,25
"q=256,p=2048",2,10
"q=256,p=2048",2,26
"q=256,p=2048",2,15
"q=256,p=2048",2,20
"q=256,p=2048",2,19
"q=256,p=2048",2,10
"q=256,p=2048",2,25
"q=256,p=2048",2,21
"q=256,p=2048",2,15
"q=256,p=2048",2,10
"q=256,p=2048",2,29
"q=256,p=2048",2,22
"q=256,p=2048",2,22
"q=256,p=2048",2,15
"q=256,p=2048",2,17
"q=256,p=2048",2,33
"q=256,p=2048",2,27
"q=256,p=2048",2,31
"q=256,p=2048",2,26
"q=256,p=2048",2,29
"q=256,p=2048",2,30
"q=256,p=2048",2,11
"q=256,p=2048",2,34
"q=256,p=2048",2,31
"q=256,p=2048",2,23
"q=256,p=2048",2,38
"q=256,p=2048",2,31
"q=256,p=2048",2,30
"q=256,p=2048",2,21
"q=256,p=2048",2,37
"q=256,p=2048",2,21
"q=256,p=2048",2,17
"q=256,p=2048",2,24
"q=256,p=2048",2,26
"q=256,p=2048",2,26
"q=256,p=2048",2,22
"q=256,p=2048",2,25
"q=256,p=2048",2,25
"q=256,p=2048",2,20
"q=256,p=2048",2,13
"q=256,p=2048",2,16
"q=256,p=2048",2,29
"q=256,p=2048",2,21
"q=256,p=2048",2,11
"q=256,p=2048",2,24
"q=256,p=2048",2,18
"q=256,p=2048",2,12
"q=256,p=2048",2,31
"q=256,p=2048",2,26
"q=256,p=2048",2,17
"q=256,p=2048",2,14
"q=256,p=2048",2,15
"q=256,p=2048",2,25
"q=256,p=2048",2,22
"q=256,p=2048",2,26
"q=256,p=2048",2,18
"q=256,p=2048",2,32
"q=256,p=2048",2,20
"q=256,p=2048",2,32
"q=256,p=2048",2,23
"q=256,p=2048",2,28
"q=256,p=2048",2,19
"q=256,p=2048",2,18
"q=256,p=2048",2,32
"q=256,p=2048",2,22
"q=256,p=2048",2,18
"q=256,p=2048",2,32
"q=256,p=2048",2,16
"q=256,p=2048",2,22
"q=256,p=2048",2,26
"q=256,p=2048",2,25
"q=256,p=2048",2,16
"q=256,p=2048",2,28
"q=256,p=2048",2,22
"q=256,p=2048",2,32
"q=256,p=2048",2,23
"q=256,p=2048",2,36
"q=256,p=2048",2,32
"q=256,p=2048",2,25
"q=256,p=2048",2,21
"q=256,p=2048",2,20
"q=256,p=2048",2,30
"q=256,p=2048",2,34
"q=256,p=2048",2,20
"q=256,p=2048",2,36
"q=256,p=2048",2,16
"q=256,p=2048",2,27
"q=256,p=2048",2,20
"q=256,p=2048",2,31
"q=256,p=2048",2,26
"q=256,p=2048",2,19
"q=256,p=2048",2,32
"q=256,p=2048",2,12
"q=256,p=2048",2,17
"q=256,p=2048",2,21
"q=256,p=2048",2,14
"q=256,p=2048",2,19
"q=256,p=2048",2,21
"q=256,p=2048",2,22
"q=256,p=2048",2,23
"q=256,p=2048",2,35
"q=256,p=2048",2,34
"q=256,p=2048",2,32
"q=256,p=2048",2,19
"q=256,p=2048",2,10
"q=256,p=2048",2,19
"q=256,p=2048",2,17
"q=256,p=2048",2,21
"q=256,p=2048",2,14
"q=256,p=2048",2,19
"q=256,p=2048",2,31
"q=256,p=2048",2,9
"q=256,p=2048",2,34
"q=256,p=2048",2,13
"q=256,p=2048",2,31
"q=256,p=2048",2,36
"q=256,p=2048",2,9
"q=256,p=2048",2,38
"q=256,p=2048",2,12
"q=256,p=2048",2,26
"q=256,p=2048",2,40
"q=256,p=2048",2,18
"q=256,p=2048",2,27
"q=256,p=2048",2,20
"q=256,p=2048",2,27
"q=256,p=2048",2,11
"q=256,p=2048",2,15
"q=256,p=2048",2,26
"q=256,p=2048",2,21
"q=256,p=2048",2,25
"q=256,p=2048",2,12
"q=256,p=2048",2,17
"q=256,p=2048",2,34
"q=256,p=2048",2,14
"q=256,p=2048",2,39
"q=256,p=2048",2,24
"q=256,p=2048",2,19
"q=256,p=2048",2,23
"q=256,p=2048",2,21
"q=256,p=2048",2,35
"q=256,p=2048",2,28
"q=256,p=2048",2,30
"q=256,p=2048",2,29
"q=256,p=2048",2,27
"q=256,p=2048",2,24
"q=256,p=2048",2,17
"q=256,p=2048",2,8
"q=256,p=2048",2,18
"q=256,p=2048",2,22
"q=256,p=2048",2,22
"q=256,p=2048",2,33
"q=256,p=2048",2,33
"q=256,p=2048",2,29
"q=256,p=2048",2,29
"q=256,p=2048",2,23
"q=256,p=2048",2,26
"q=256,p=2048",2,30
"q=256,p=2048",2,15
"q=256,p=2048",2,21
"q=256,p=2048",2,20
"q=256,p=2048",2,15
"q=256,p=2048",2,31
"q=256,p=2048",2,31
"q=256,p=2048",2,11
"q=256,p=2048",2,13
"q=256,p=2048",2,20
"q=256,p=2048",2,6
"q=256,p=2048",2,32
"q=256,p=2048",2,20
"q=256,p=2048",2,25
"q=256,p=2048",2,29
"q=256,p=2048",2,33
"q=256,p=2048",2,18
"q=256,p=2048",2,38
"q=256,p=2048",2,21
"q=256,p=2048",2,31
"q=256,p=2048",2,25
"q=256,p=2048",2,21
"q=256,p=2048",2,29
"q=256,p=2048",2,28
"q=256,p=2048",2,18
"q=256,p=2048",2,19
"q=256,p=2048",2,29
"q=256,p=2048",2,19
"q=256,p=2048",2,38
"q=256,p=2048",2,10
"q=256,p=2048",2,23
"q=256,p=2048",2,15
"q=256,p=2048",2,12
"q=256,p=2048",2,25
"q=256,p=2048",2,25
"q=256,p=2048",2,18
"q=256,p=2048",2,25
"q=256,p=2048",2,18
"q=256,p=2048",2,8
"q=256,p=2048",2,24
"q=256,p=2048",2,24
"q=256,p=2048",2,35
"q=256,p=2048",2,31
"q=256,p=2048",2,22
"q=256,p=2048",2,41
"q=256,p=2048",2,14
"q=256,p=2048",2,19
"q=256,p=2048",2,33
"q=256,p=2048",2,20
"q=256,p=2048",2,31
"q=256,p=2048",2,12
"q=256,p=2048",2,23
"q=256,p=2048",2,13
"q=256,p=2048",2,35
"q=256,p=2048",2,18
"q=256,p=2048",2,27
"q=256,p=2048",2,30
"q=256,p=2048",2,18
"q=256,p=2048",2,24
"q=256,p=2048",2,12
"q=256,p=2048",2,13
"q=256,p=2048",2,17
"q=256,p=2048",2,9
"q=256,p=2048",2,19
"q=256,p=2048",2,13
"q=256,p=2048",2,28
"q=256,p=2048",2,36
"q=256,p=2048",2,21
"q=256,p=2048",2,29
"q=256,p=2048",2,15
"q=256,p=2048",2,11
"q=256,p=2048",2,34
"q=256,p=2048",2,8
"q=256,p=2048",2,18
"q=256,p=2048",2,36
"q=256,p=2048",2,37
"q=256,p=2048",2,14
"q=256,p=2048",2,29
"q=256,p=2048",2,24
"q=256,p=2048",2,38
"q=256,p=2048",2,15
"q=256,p=2048",2,24
"q=256,p=2048",2,24
"q=256,p=2048",2,31
"q=256,p=2048",2,26
"q=256,p=2048",2,11
"q=256,p=2048",2,25
"q=256,p=2048",2,22
"q=256,p=2048",2,15
"q=256,p=2048",2,19
"q=256,p=2048",2,21
"q=256,p=2048",2,34
"q=256,p=2048",2,28
"q=256,p=2048",2,26
"q=256,p=2048",2,29
"q=256,p=2048",2,18
"q=256,p=2048",2,25
"q=256,p=2048",2,18
"q=256,p=2048",2,35
"q=256,p=2048",2,25
"q=256,p=2048",2,21
"q=256,p=2048",2,31
"q=256,p=2048",2,15
"q=256,p=2048",2,26
"q=256,p=2048",2,22
"q=256,p=2048",2,26
"q=256,p=2048",2,13
"q=256,p=2048",2,28
"q=256,p=2048",2,24
"q=256,p=2048",2,10
"q=256,p=2048",2,19
"q=256,p=2048",2,20
"q=256,p=2048",2,20
"q=256,p=2048",2,29
"q=256,p=2048",2,12
"q=256,p=2048",2,32
"q=256,p=2048",2,25
"q=256,p=2048",2,16
"q=256,p=2048",2,24
"q=256,p=2048",2,25
"q=256,p=2048",2,28
"q=256,p=2048",2,20
"q=256,p=2048",2,10
"q=256,p=2048",2,18
"q=256,p=2048",2,19
"q=256,p=2048",2,24
"q=256,p=2048",2,14
"q=256,p=2048",2,29
"q=256,p=2048",2,22
"q=256,p=2048",2,39
"q=256,p=2048",2,16
"q=256,p=2048",2,27
"q=256,p=2048",2,38
"q=256,p=2048",2,13
"q=256,p=2048",2,14
"q=256,p=2048",2,15
"q=256,p=2048",2,13
"q=256,p=2048",2,21
"q=256,p=2048",2,27
"q=256,p=2048",2,12
"q=256,p=2048",2,24
"q=256,p=2048",2,18
"q=256,p=2048",2,26
"q=256,p=2048",2,19
"q=256,p=2048",2,30
"q=256,p=2048",2,18
"q=256,p=2048",2,24
"q=256,p=2048",2,32
"q=256,p=2048",2,32
"q=256,p=2048",2,29
"q=256,p=2048",2,26
"q=256,p=2048",2,35
"q=256,p=2048",2,34
"q=256,p=2048",2,14
"q=256,p=2048",2,33
"q=256,p=2048",2,22
"q=256,p=2048",2,23
"q=256,p=2048",2,36
"q=256,p=2048",2,29
"q=256,p=2048",2,15
"q=256,p=2048",2,19
"q=256,p=2048",2,27
"q=256,p=2048",2,14
"q=256,p=2048",2,21
"q=256,p=2048",2,22
"q=256,p=2048",2,32
"q=256,p=2048",2,19
"q=256,p=2048",2,24
"q=256,p=2048",2,18
"q=256,p=2048",2,23
"q=256,p=2048",2,20
"q=256,p=2048",2,33
"q=256,p=2048",2,17
"q=256,p=2048",2,26
"q=256,p=2048",2,14
"q=256,p=2048",2,33
"q=256,p=2048",2,13
"q=256,p=2048",2,24
"q=256,p=2048",2,24
"q=256,p=2048",2,32
"q=256,p=2048",2,20
"q=256,p=2048",2,23
"q=256,p=2048",2,19
"q=256,p=2048",2,15
"q=256,p=2048",2,19
"q=256,p=2048",2,25
"q=256,p=2048",2,29
"q=256,p=2048",2,20
"q=256,p=2048",2,13
"q=256,p=2048",2,33
"q=256,p=2048",2,20
"q=256,p=2048",2,17
"q=256,p=2048",2,10
"q=256,p=2048",2,8
"q=256,p=2048",2,19
"q=256,p=2048",2,36
"q=256,p=2048",2,16
"q=256,p=2048",2,24
"q=256,p=2048",2,29
"q=256,p=2048",2,23
"q=256,p=2048",2,20
"q=256,p=2048",2,15
"q=256,p=2048",2,26
"q=256,p=2048",2,14
"q=256,p=2048",2,8
"q=256,p=2048",2,20
"q=256,p=2048",2,21
"q=256,p=2048",2,28
"q=256,p=2048",2,24
"q=256,p=2048",2,16
"q=256,p=2048",2,30
"q=256,p=2048",2,12
"q=256,p=2048",2,12
"q=256,p=2048",2,11
"q=256,p=2048",2,11
"q=256,p=2048",2,33
"q=256,p=2048",2,24
"q=256,p=2048",2,22
"q=256,p=2048",2,17
"q=256,p=2048",2,17
"q=256,p=2048",2,25
"q=256,p=2048",2,10
"q=256,p=2048",2,13
"q=256,p=2048",2,36
"q=256,p=2048",2,24
"q=256,p=2048",2,15
"q=256,p=2048",2,20
"q=256,p=2048",3,316
"q=256,p=2048",3,383
"q=256,p=2048",3,313
"q=256,p=2048",3,344
"q=256,p=2048",3,358
"q=256,p=2048",3,332
"q=256,p=2048",3,269
"q=256,p=2048",3,272
"q=256,p=2048",3,173
"q=256,p=2048",3,184
"q=256,p=2048",3,321
"q=256,p=2048",3,555
"q=256,p=2048",3,252
"q=256,p=2048",3,332
"q=256,p=2048",3,431
"q=256,p=2048",3,364
"q=256,p=2048",3,469
"q=256,p=2048",3,174
"q=256,p=2048",3,388
"q=256,p=2048",3,308
"q=256,p=2048",3,337
"q=256,p=2048",3,431
"q=256,p=2048",3,246
"q=256,p=2048",3,220
"q=256,p=2048",3,246
"q=256,p=2048",3,370
"q=256,p=2048",3,238
"q=256,p=2048",3,106
"q=256,p=2048",3,372
"q=256,p=2048",3,422
"q=256,p=2048",3,454
"q=256,p=2048",3,241
"q=256,p=2048",3,483
"q=256,p=2048",3,225
"q=256,p=2048",3,220
"q=256,p=2048",3,331
"q=256,p=2048",3,272
"q=256,p=2048",3,256
"q=256,p=2048",3,361
"q=256,p=2048",3,196
"q=256,p=2048",3,330
"q=256,p=2048",3,135
"q=256,p=2048",3,368
"q=256,p=2048",3,227
"q=256,p=2048",3,137
"q=256,p=2048",3,237
"q=256,p=2048",3,132
"q=256,p=2048",3,281
"q=256,p=2048",3,400
"q=256,p=2048",3,215
"q=256,p=2048",3,367
"q=256,p=2048",3,386
"q=256,p=2048",3,205
"q=256,p=2048",3,253
"q=256,p=2048",3,271
"q=256,p=2048",3,327
"q=256,p=2048",3,374
"q=256,p=2048",3,208
"q=256,p=2048",3,323
"q=256,p=2048",3,428
"q=256,p=2048",3,303
"q=256,p=2048",3,186
"q=256,p=2048",3,271
"q=256,p=2048",3,503
"q=256,p=2048",3,347
"q=256,p=2048",3,265
"q=256,p=2048",3,191
"q=256,p=2048",3,268
"q=256,p=2048",3,281
"q=256,p=2048",3,244
"q=256,p=2048",3,298
"q=256,p=2048",3,322
"q=256,p=2048",3,262
"q=256,p=2048",3,407
"q=256,p=2048",3,223
"q=256,p=2048",3,201
"q=256,p=2048",3,184
"q=256,p=2048",3,189
"q=256,p=2048",3,234
"q=256,p=2048",3,359
"q=256,p=2048",3,349
"q=256,p=2048",3,202
"q=256,p=2048",3,183
"q=256,p=2048",3,301
"q=256,p=2048",3,368
"q=256,p=2048",3,389
"q=256,p=2048",3,123
"q=256,p=2048",3,362
"q=256,p=2048",3,369
"q=256,p=2048",3,379
"q=256,p=2048",3,444
"q=256,p=2048",3,302
"q=256,p=2048",3,269
"q=256,p=2048",3,390
"q=256,p=2048",3,418
"q=256,p=2048",3,217
"q=256,p=2048",3,331
"q=256,p=2048",3,304
"q=256,p=2048",3,375
"q=256,p=2048",3,192
"q=256,p=2048",3,275
"q=256,p=2048",3,198
"q=256,p=2048",3,484
"q=256,p=2048",3,262
"q=256,p=2048",3,234
"q=256,p=2048",3,124
"q=256,p=2048",3,209
"q=256,p=2048",3,261
"q=256,p=2048",3,275
"q=256,p=2048",3,180
"q=256,p=2048",3,227
"q=256,p=2048",3,352
"q=256,p=2048",3,488
"q=256,p=2048",3,365
"q=256,p=2048",3,268
"q=256,p=2048",3,330
"q=256,p=2048",3,320
"q=256,p=2048",3,334
"q=256,p=2048",3,260
"q=256,p=2048",3,285
"q=256,p=2048",3,475
"q=256,p=2048",3,379
"q=256,p=2048",3,124
"q=256,p=2048",3,420
"q=256,p=2048",3,285
"q=256,p=2048",3,189
"q=256,p=2048",3,475
"q=256,p=2048",3,457
"q=256,p=2048",3,211
"q=256,p=2048",3,304
"q=256,p=2048",3,300
"q=256,p=2048",3,456
"q=256,p=2048",3,254
"q=256,p=2048",3,502
"q=256,p=2048",3,322
"q=256,p=2048",3,362
"q=256,p=2048",3,191
"q=256,p=2048",3,439
"q=256,p=2048",3,304
"q=256,p=2048",3,298
"q=256,p=2048",3,231
"q=256,p=2048",3,260
"q=256,p=2048",3,212
"q=256,p=2048",3,383
"q=256,p=2048",3,318
"q=256,p=2048",3,305
"q=256,p=2048",3,323
"q=256,p=2048",3,339
"q=256,p=2048",3,377
"q=256,p=2048",3,309
"q=256,p=2048",3,486
"q=256,p=2048",3,294
"q=256,p=2048",3,395
"q=256,p=2048",3,376
"q=256,p=2048",3,284
"q=256,p=2048",3,209
"q=256,p=2048",3,336
"q=256,p=2048",3,279
"q=256,p=2048",3,402
"q=256,p=2048",3,296
"q=256,p=2048",3,314
"q=256,p=2048",3,321
"q=256,p=2048",3,255
"q=256,p=2048",3,398
"q=256,p=2048",3,345
"q=256,p=2048",3,251
"q=256,p=2048",3,383
"q=256,p=2048",3,297
"q=256,p=2048",3,330
"q=256,p=2048",3,159
"q=256,p=2048",3,380
"q=256,p=2048",3,223
"q=256,p=2048",3,442
"q=256,p=2048",3,231
"q=256,p=2048",3,277
"q=256,p=2048",3,259
"q=256,p=2048",3,324
"q=256,p=2048",3,150
"q=256,p=2048",3,537
"q=256,p=2048",3,203
"q=256,p=2048",3,148
"q=256,p=2048",3,492
"q=256,p=2048",3,385
"q=256,p=2048",3,271
"q=256,p=2048",3,323
"q=256,p=2048",3,345
"q=256,p=2048",3,259
"q=256,p=2048",3,217
"q=256,p=2048",3,266
"q=256,p=2048",3,217
"q=256,p=2048",3,338
"q=256,p=2048",3,343
"q=256,p=2048",3,271
"q=256,p=2048",3,198
"q=256,p=2048",3,356
"q=256,p=2048",3,185
"q=256,p=2048",3,243
"q=256,p=2048",3,362
"q=256,p=2048",3,404
"q=256,p=2048",3,353
"q=256,p=2048",3,237
"q=256,p=2048",3,435
"q=256,p=2048",3,360
"q=256,p=2048",3,333
"q=256,p=2048",3,445
"q=256,p=2048",3,182
"q=256,p=2048",3,448
"q=256,p=2048",3,528
"q=256,p=2048",3,303
"q=256,p=2048",3,276
"q=256,p=2048",3,178
"q=256,p=2048",3,145
"q=256,p=2048",3,179
"q=256,p=2048",3,139
"q=256,p=2048",3,202
"q=256,p=2048",3,210
"q=256,p=2048",3,452
"q=256,p=2048",3,420
"q=256,p=2048",3,332
"q=256,p=2048",3,273
"q=256,p=2048",3,323
"q=256,p=2048",3,506
"q=256,p=2048",3,217
"q=256,p=2048",3,257
"q=256,p=2048",3,441
"q=256,p=2048",3,207
"q=256,p=2048",3,319
"q=256,p=2048",3,262
"q=256,p=2048",3,258
"q=256,p=2048",3,266
"q=256,p=2048",3,457
"q=256,p=2048",3,399
"q=256,p=2048",3,166
"q=256,p=2048",3,436
"q=256,p=2048",3,343
"q=256,p=2048",3,429
"q=256,p=2048",3,323
"q=256,p=2048",3,412
"q=256,p=2048",3,168
"q=256,p=2048",3,227
"q=256,p=2048",3,394
"q=256,p=2048",3,194
"q=256,p=2048",3,234
"q=256,p=2048",3,242
"q=256,p=2048",3,389
"q=256,p=2048",3,221
"q=256,p=2048",3,389
"q=256,p=2048",3,529
"q=256,p=2048",3,134
"q=256,p=2048",3,226
"q=256,p=2048",3,406
"q=256,p=2048",3,430
"q=256,p=2048",3,214
"q=256,p=2048",3,491
"q=256,p=2048",3,323
"q=256,p=2048",3,230
"q=256,p=2048",3,326
"q=256,p=2048",3,395
"q=256,p=2048",3,350
"q=256,p=2048",3,304
"q=256,p=2048",3,147
"q=256,p=2048",3,413
"q=256,p=2048",3,325
"q=256,p=2048",3,325
"q=256,p=2048",3,358
"q=256,p=2048",3,265
"q=256,p=2048",3,364
"q=256,p=2048",3,295
"q=256,p=2048",3,265
"q=256,p=2048",3,109
"q=256,p=2048",3,257
"q=256,p=2048",3,212
"q=256,p=2048",3,254
"q=256,p=2048",3,435
"q=256,p=2048",3,356
"q=256,p=2048",3,444
"q=256,p=2048",3,231
"q=256,p=2048",3,439
"q=256,p=2048",3,273
"q=256,p=2048",3,538
"q=256,p=2048",3,452
"q=256,p=2048",3,407
"q=256,p=2048",3,275
"q=256,p=2048",3,349
"q=256,p=2048",3,287
"q=256,p=2048",3,258
"q=256,p=2048",3,436
"q=256,p=2048",3,265
"q=256,p=2048",3,265
"q=256,p=2048",3,422
"q=256,p=2048",3,186
"q=256,p=2048",3,472
"q=256,p=2048",3,488
"q=256,p=2048",3,334
"q=256,p=2048",3,439
"q=256,p=2048",3,324
"q=256,p=2048",3,349
"q=256,p=2048",3,283
"q=256,p=2048",3,258
"q=256,p=2048",3,244
"q=256,p=2048",3,379
"q=256,p=2048",3,182
"q=256,p=2048",3,297
"q=256,p=2048",3,247
"q=256,p=2048",3,304
"q=256,p=2048",3,331
"q=256,p=2048",3,191
"q=256,p=2048",3,363
"q=256,p=2048",3,106
"q=256,p=2048",3,286
"q=256,p=2048",3,351
"q=256,p=2048",3,310
"q=256,p=2048",3,507
"q=256,p=2048",3,274
"q=256,p=2048",3,237
"q=256,p=2048",3,322
"q=256,p=2048",3,401
"q=256,p=2048",3,445
"q=256,p=2048",3,354
"q=256,p=2048",3,355
"q=256,p=2048",3,473
"q=256,p=2048",3,268
"q=256,p=2048",3,329
"q=256,p=2048",3,412
"q=256,p=2048",3,244
"q=256,p=2048",3,485
"q=256,p=2048",3,297
"q=256,p=2048",3,297
"q=256,p=2048",3,118
"q=256,p=2048",3,290
"q=256,p=2048",3,184
"q=256,p=2048",3,485
"q=256,p=2048",3,384
"q=256,p=2048",3,170
"q=256,p=2048",3,382
"q=256,p=2048",3,451
"q=256,p=2048",3,321
"q=256,p=2048",3,268
"q=256,p=2048",3,245
"q=256,p=2048",3,331
"q=256,p=2048",3,319
"q=256,p=2048",3,326
"q=256,p=2048",3,293
"q=256,p=2048",3,166
"q=256,p=2048",3,232
"q=256,p=2048",3,315
"q=256,p=2048",3,316
"q=256,p=2048",3,309
"q=256,p=2048",3,482
"q=256,p=2048",3,442
"q=256,p=2048",3,332
"q=256,p=2048",3,344
"q=256,p=2048",3,311
"q=256,p=2048",3,454
"q=256,p=2048",3,310
"q=256,p=2048",3,231
"q=256,p=2048",3,316
"q=256,p=2048",3,178
"q=256,p=2048",3,378
"q=256,p=2048",3,118
"q=256,p=2048",3,153
"q=256,p=2048",3,463
"q=256,p=2048",3,234
"q=256,p=2048",3,283
"q=256,p=2048",3,176
"q=256,p=2048",3,394
"q=256,p=2048",3,247
"q=256,p=2048",3,284
"q=256,p=2048",3,153
"q=256,p=2048",3,204
"q=256,p=2048",3,145
"q=256,p=2048",3,397
"q=256,p=2048",3,315
"q=256,p=2048",3,249
"q=256,p=2048",3,273
"q=256,p=2048",3,565
"q=256,p=2048",3,564
"q=256,p=2048",3,256
"q=256,p=2048",3,327
"q=256,p=2048",3,444
"q=256,p=2048",3,191
"q=256,p=2048",3,313
"q=256,p=2048",3,411
"q=256,p=2048",3,357
"q=256,p=2048",3,195
"q=256,p=2048",3,137
"q=256,p=2048",3,199
"q=256,p=2048",3,280
"q=256,p=2048",3,104
"q=256,p=2048",3,286
"q=256,p=2048",3,459
"q=256,p=2048",3,331
"q=256,p=2048",3,296
"q=256,p=2048",3,282
"q=256,p=2048",3,275
"q=256,p=2048",3,142
"q=256,p=2048",3,412
"q=256,p=2048",3,322
"q=256,p=2048",3,201
"q=256,p=2048",3,214
"q=256,p=2048",3,123
"q=256,p=2048",3,445
"q=256,p=2048",3,332
"q=256,p=2048",3,370
"q=256,p=2048",3,344
"q=256,p=2048",3,262
"q=256,p=2048",3,126
"q=256,p=2048",3,275
"q=256,p=2048",3,448
"q=256,p=2048",3,301
"q=256,p=2048",3,333
"q=256,p=2048",3,492
"q=256,p=2048",3,343
"q=256,p=2048",3,328
"q=256,p=2048",3,428
"q=256,p=2048",3,266
"q=256,p=2048",3,301
"q=256,p=2048",3,379
"q=256,p=2048",3,438
"q=256,p=2048",3,421
"q=256,p=2048",3,318
"q=256,p=2048",3,199
"q=256,p=2048",3,347
"q=256,p=2048",3,361
"q=256,p=2048",3,198
"q=256,p=2048",3,490
"q=256,p=2048",3,392
"q=256,p=2048",3,355
"q=256,p=2048",3,297
"q=256,p=2048",3,323
"q=256,p=2048",3,397
"q=256,p=2048",3,471
"q=256,p=2048",3,315
"q=256,p=2048",3,325
"q=256,p=2048",3,314
"q=256,p=2048",3,194
"q=256,p=2048",3,310
"q=256,p=2048",3,357
"q=256,p=2048",3,444
"q=256,p=2048",3,361
"q=256,p=2048",3,189
"q=256,p=2048",3,490
"q=256,p=2048",3,272
"q=256,p=2048",3,310
"q=256,p=2048",3,176
"q=256,p=2048",3,254
"q=256,p=2048",3,382
"q=256,p=2048",3,400
"q=256,p=2048",3,373
"q=256,p=2048",3,204
"q=256,p=2048",3,321
"q=256,p=2048",3,464
"q=256,p=2048",3,503
"q=256,p=2048",3,375
"q=256,p=2048",3,355
"q=256,p=2048",3,293
"q=256,p=2048",3,321
"q=256,p=2048",3,488
"q=256,p=2048",3,283
"q=256,p=2048",3,265
"q=256,p=2048",3,189
"q=256,p=2048",3,155
"q=256,p=2048",3,406
"q=256,p=2048",3,118
"q=256,p=2048",3,302
"q=256,p=2048",3,323
"q=256,p=2048",3,356
"q=256,p=2048",3,384
"q=256,p=2048",3,312
"q=256,p=2048",3,322
"q=256,p=2048",3,410
"q=256,p=2048",3,342
"q=256,p=2048",3,376
"q=256,p=2048",3,217
"q=256,p=2048",3,455
"q=256,p=2048",3,184
"q=256,p=2048",3,279
"q=256,p=2048",3,225
"q=256,p=2048",3,254
"q=256,p=2048",3,262
"q=256,p=2048",3,237
"q=256,p=2048",3,288
"q=256,p=2048",3,222
"q=256,p=2048",3,380
"q=256,p=2048",3,241
"q=256,p=2048",3,381
"q=256,p=2048",3,494
"q=256,p=2048",3,381
"q=256,p=2048",3,274
"q=256,p=2048",3,393
"q=256,p=2048",3,179
"q=256,p=2048",3,368
"q=256,p=2048",3,319
"q=256,p=2048",3,251
"q=256,p=2048",3,388
"q=256,p=2048",3,368
"q=256,p=2048",3,429
"q=256,p=2048",3,242
"q=256,p=2048",3,349
"q=256,p=2048",3,266
"q=256,p=2048",3,313
"q=256,p=2048",3,352
"q=256,p=2048",3,382
"q=256,p=2048",3,364
"q=256,p=2048",3,263
"q=256,p=2048",3,461
"q=256,p=2048",3,281
"q=256,p=2048",3,188
"q=256,p=2048",3,301
"q=256,p=2048",3,317
"q=256,p=2048",3,232
"q=256,p=2048",3,221
"q=256,p=2048",3,330
"q=256,p=2048",3,413
"q=256,p=2048",3,391
"q=256,p=2048",3,283
"q=256,p=2048",3,197
"q=256,p=2048",3,344
"q=256,p=2048",3,367
"q=256,p=2048",3,257
"q=256,p=2048",3,301
"q=256,p=2048",3,161
"q=256,p=2048",3,463
"q=256,p=2048",3,192
"q=256,p=2048",3,349
"q=256,p=2048",3,269
"q=256,p=2048",3,219
"q=256,p=2048",3,407
"q=256,p=2048",3,139
"q=256,p=2048",3,167
"q=256,p=2048",3,213
"q=256,p=2048",3,328
"q=256,p=2048",3,429
"q=256,p=2048",3,352
"q=256,p=2048",3,159
"q=256,p=2048",3,216
"q=256,p=2048",3,360
"q=256,p=2048",3,344
"q=256,p=2048",3,272
"q=256,p=2048",3,236
"q=256,p=2048",3,172
"q=256,p=2048",3,286
"q=256,p=2048",3,376
"q=256,p=2048",3,224
"q=256,p=2048",3,384
"q=256,p=2048",3,228
"q=256,p=2048",3,172
"q=256,p=2048",3,384
"q=256,p=2048",3,386
"q=256,p=2048",3,141
"q=256,p=2048",3,507
"q=256,p=2048",3,305
"q=256,p=2048",3,294
"q=256,p=2048",3,415
"q=256,p=2048",3,310
"q=256,p=2048",3,236
"q=256,p=2048",3,314
"q=256,p=2048",3,241
"q=256,p=2048",3,240
"q=256,p=2048",3,416
"q=256,p=2048",3,376
"q=256,p=2048",3,322
"q=256,p=2048",3,214
"q=256,p=2048",3,194
"q=256,p=2048",3,408
"q=256,p=2048",3,159
"q=256,p=2048",3,233
"q=256,p=2048",3,445
"q=256,p=2048",3,350
"q=256,p=2048",3,264
"q=256,p=2048",3,229
"q=256,p=2048",3,206
"q=256,p=2048",3,265
"q=256,p=2048",3,423
"q=256,p=2048",3,333
"q=256,p=2048",3,399
"q=256,p=2048",3,190
"q=256,p=2048",3,435
"q=256,p=2048",3,463
"q=256,p=2048",3,349
"q=256,p=2048",3,220
"q=256,p=2048",3,432
"q=256,p=2048",3,259
"q=256,p=2048",3,167
"q=256,p=2048",3,195
"q=256,p=2048",3,294
"q=256,p=2048",3,279
"q=256,p=2048",3,134
"q=256,p=2048",3,273
"q=256,p=2048",3,154
"q=256,p=2048",3,386
"q=256,p=2048",3,444
"q=256,p=2048",3,313
"q=256,p=2048",3,178
"q=256,p=2048",3,397
"q=256,p=2048",3,261
"q=256,p=2048",3,210
"q=256,p=2048",3,239
"q=256,p=2048",3,265
"q=256,p=2048",3,167
"q=256,p=2048",3,386
"q=256,p=2048",3,315
"q=256,p=2048",3,393
"q=256,p=2048",3,442
"q=256,p=2048",3,390
"q=256,p=2048",3,192
"q=256,p=2048",3,300
"q=256,p=2048",3,419
"q=256,p=2048",3,462
"q=256,p=2048",3,321
"q=256,p=2048",3,570
"q=256,p=2048",3,290
"q=256,p=2048",3,244
"q=256,p=2048",3,315
"q=256,p=2048",3,455
"q=256,p=2048",3,327
"q=256,p=2048",3,353
"q=256,p=2048",3,444
"q=256,p=2048",3,388
"q=256,p=2048",3,290
"q=256,p=2048",3,497
"q=256,p=2048",3,419
"q=256,p=2048",3,380
"q=256,p=2048",3,528
"q=256,p=2048",3,252
"q=256,p=2048",3,382
"q=256,p=2048",3,308
"q=256,p=2048",3,256
"q=256,p=2048",3,327
"q=256,p=2048",3,195
"q=256,p=2048",3,170
"q=256,p=2048",3,297
"q=256,p=2048",3,196
"q=256,p=2048",3,368
"q=256,p=2048",3,218
"q=256,p=2048",3,470
"q=256,p=2048",3,352
"q=256,p=2048",3,178
"q=256,p=2048",3,269
"q=256,p=2048",3,218
"q=256,p=2048",3,522
"q=256,p=2048",3,373
"q=256,p=2048",3,296
"q=256,p=2048",3,314
"q=256,p=2048",3,101
"q=256,p=2048",3,121
"q=256,p=2048",3,315
"q=256,p=2048",3,218
"q=256,p=2048",3,370
"q=256,p=2048",3,359
"q=256,p=2048",3,238
"q=256,p=2048",3,172
"q=256,p=2048",3,295
"q=256,p=2048",3,293
"q=256,p=2048",3,224
"q=256,p=2048",3,363
"q=256,p=2048",3,402
"q=256,p=2048",3,265
"q=256,p=2048",3,403
"q=256,p=2048",3,287
"q=256,p=2048",3,419
"q=256,p=2048",3,409
"q=256,p=2048",3,290
"q=256,p=2048",3,260
"q=256,p=2048",3,343
"q=256,p=2048",3,331
"q=256,p=2048",3,305
"q=256,p=2048",3,259
"q=256,p=2048",3,518
"q=256,p=2048",3,520
"q=256,p=2048",3,254
"q=256,p=2048",3,343
"q=256,p=2048",3,226
"q=256,p=2048",3,475
"q=256,p=2048",3,444
"q=256,p=2048",3,301
"q=256,p=2048",3,168
"q=256,p=2048",3,214
"q=256,p=2048",3,385
"q=256,p=2048",3,151
"q=256,p=2048",3,301
"q=256,p=2048",3,161
"q=256,p=2048",3,306
"q=256,p=2048",3,150
"q=256,p=2048",3,457
"q=256,p=2048",3,324
"q=256,p=2048",3,316
"q=256,p=2048",3,399
"q=256,p=2048",3,291
"q=256,p=2048",3,299
"q=256,p=2048",3,233
"q=256,p=2048",3,563
"q=256,p=2048",3,431
"q=256,p=2048",3,425
"q=256,p=2048",3,371
"q=256,p=2048",3,452
"q=256,p=2048",3,301
"q=256,p=2048",3,419
"q=256,p=2048",3,363
"q=256,p=2048",3,495
"q=256,p=2048",3,528
"q=256,p=2048",3,368
"q=256,p=2048",3,328
"q=256,p=2048",3,349
"q=256,p=2048",3,480
"q=256,p=2048",3,315
"q=256,p=2048",3,315
"q=256,p=2048",3,257
"q=256,p=2048",3,287
"q=256,p=2048",3,390
"q=256,p=2048",3,356
"q=256,p=2048",3,475
"q=256,p=2048",3,188
"q=256,p=2048",3,365
"q=256,p=2048",3,350
"q=256,p=2048",3,195
"q=256,p=2048",3,201
"q=256,p=2048",3,381
"q=256,p=2048",3,480
"q=256,p=2048",3,245
"q=256,p=2048",3,242
"q=256,p=2048",3,534
"q=256,p=2048",3,223
"q=256,p=2048",3,251
"q=256,p=2048",3,339
"q=256,p=2048",3,272
"q=256,p=2048",3,319
"q=256,p=2048",3,413
"q=256,p=2048",3,166
"q=256,p=2048",3,378
"q=256,p=2048",3,363
"q=256,p=2048",3,359
"q=256,p=2048",3,368
"q=256,p=2048",3,227
"q=256,p=2048",3,372
"q=256,p=2048",3,356
"q=256,p=2048",3,374
"q=256,p=2048",3,342
"q=256,p=2048",3,186
"q=256,p=2048",3,331
"q=256,p=2048",3,283
"q=256,p=2048",3,399
"q=256,p=2048",3,380
"q=256,p=2048",3,170
"q=256,p=2048",3,461
"q=256,p=2048",3,336
"q=256,p=2048",3,143
"q=256,p=2048",3,167
"q=256,p=2048",3,382
"q=256,p=2048",3,504
"q=256,p=2048",3,415
"q=256,p=2048",3,125
"q=256,p=2048",3,183
"q=256,p=2048",3,515
"q=256,p=2048",3,439
"q=256,p=2048",3,281
"q=256,p=2048",3,369
"q=256,p=2048",3,336
"q=256,p=2048",3,239
"q=256,p=2048",3,552
"q=256,p=2048",3,361
"q=256,p=2048",3,456
"q=256,p=2048",3,197
"q=256,p=2048",3,355
"q=256,p=2048",3,463
"q=256,p=2048",3,340
"q=256,p=2048",3,284
"q=256,p=2048",3,113
"q=256,p=2048",3,123
"q=256,p=2048",3,406
"q=256,p=2048",3,193
"q=256,p=2048",3,262
"q=256,p=2048",3,339
"q=256,p=2048",3,324
"q=256,p=2048",3,268
"q=256,p=2048",3,452
"q=256,p=2048",3,486
"q=256,p=2048",3,352
"q=256,p=2048",3,362
"q=256,p=2048",3,471
"q=256,p=2048",3,278
"q=256,p=2048",3,273
"q=256,p=2048",3,385
"q=256,p=2048",3,276
"q=256,p=2048",3,333
"q=256,p=2048",3,340
"q=256,p=2048",3,388
"q=256,p=2048",3,293
"q=256,p=2048",3,420
"q=256,p=2048",3,366
"q=256,p=2048",3,352
"q=256,p=2048",3,224
"q=256,p=2048",3,218
"q=256,p=2048",3,309
"q=256,p=2048",3,175
"q=256,p=2048",3,255
"q=256,p=2048",3,249
"q=256,p=2048",3,280
"q=256,p=2048",3,413
"q=256,p=2048",3,309
"q=256,p=2048",3,209
"q=256,p=2048",3,547
"q=256,p=2048",3,361
"q=256,p=2048",3,189
"q=256,p=2048",3,463
"q=256,p=2048",3,379
"q=256,p=2048",3,319
"q=256,p=2048",3,450
"q=256,p=2048",3,308
"q=256,p=2048",3,137
"q=256,p=2048",3,441
"q=256,p=2048",3,270
"q=256,p=2048",3,325
"q=256,p=2048",3,263
"q=256,p=2048",3,220
"q=256,p=2048",3,194
"q=256,p=2048",3,177
"q=256,p=2048",3,347
"q=256,p=2048",3,323
"q=256,p=2048",3,223
"q=256,p=2048",3,168
"q=256,p=2048",3,298
"q=256,p=2048",3,311
"q=256,p=2048",3,316
"q=256,p=2048",3,329
"q=256,p=2048",3,262
"q=256,p=2048",3,283
"q=256,p=2048",3,466
"q=256,p=2048",3,263
"q=256,p=2048",3,331
"q=256,p=2048",3,362
"q=256,p=2048",3,290
"q=256,p=2048",3,231
"q=256,p=2048",3,198
"q=256,p=2048",3,184
"q=256,p=2048",3,228
"q=256,p=2048",3,230
"q=256,p=2048",3,198
"q=256,p=2048",3,301
"q=256,p=2048",3,436
"q=256,p=2048",3,397
"q=256,p=2048",3,213
"q=256,p=2048",3,296
"q=256,p=2048",3,259
"q=256,p=2048",3,293
"q=256,p=2048",3,208
"q=256,p=2048",3,410
"q=256,p=2048",3,331
"q=256,p=2048",3,383
"q=256,p=2048",3,141
"q=256,p=2048",3,170
"q=256,p=2048",3,484
"q=256,p=2048",3,501
"q=256,p=2048",3,245
"q=256,p=2048",3,213
"q=256,p=2048",3,169
"q=256,p=2048",3,344
"q=256,p=2048",3,239
"q=256,p=2048",3,416
"q=256,p=2048",3,233
"q=256,p=2048",3,378
"q=256,p=2048",3,572
"q=256,p=2048",3,286
"q=256,p=2048",3,207
"q=256,p=2048",3,455
"q=256,p=2048",3,275
"q=256,p=2048",3,343
"q=256,p=2048",3,258
"q=256,p=2048",3,484
"q=256,p=2048",3,362
"q=256,p=2048",3,455
"q=256,p=2048",3,221
"q=256,p=2048",3,290
"q=256,p=2048",3,450
"q=256,p=2048",3,333
"q=256,p=2048",3,420
"q=256,p=2048",3,321
"q=256,p=2048",3,330
"q=256,p=2048",3,212
"q=256,p=2048",3,355
"q=256,p=2048",3,536
"q=256,p=2048",3,309
"q=256,p=2048",3,277
"q=256,p=2048",3,469
"q=256,p=2048",3,517
"q=256,p=2048",3,146
"q=256,p=2048",3,479
"q=256,p=2048",3,250
"q=256,p=2048",3,225
"q=256,p=2048",3,410
"q=256,p=2048",3,275
"q=256,p=2048",3,258
"q=256,p=2048",3,347
"q=256,p=2048",3,443
"q=256,p=2048",3,369
"q=256,p=2048",3,234
"q=256,p=2048",3,312
"q=256,p=2048",3,238
"q=256,p=2048",3,299
"q=256,p=2048",3,403
"q=256,p=2048",3,319
"q=256,p=2048",3,414
"q=256,p=2048",3,424
"q=256,p=2048",3,263
"q=256,p=2048",3,295
"q=256,p=2048",3,325
"q=256,p=2048",3,225
"q=256,p=2048",3,431
"q=256,p=2048",3,450
"q=256,p=2048",3,306
"q=256,p=2048",3,378
"q=256,p=2048",3,170
"q=256,p=2048",3,180
"q=256,p=2048",3,290
"q=256,p=2048",3,201
"q=256,p=2048",3,332
"q=256,p=2048",3,438
"q=256,p=2048",3,422
"q=256,p=2048",3,330
"q=256,p=2048",3,255
"q=256,p=2048",3,408
"q=256,p=2048",3,196
"q=256,p=2048",3,313
"q=256,p=2048",3,317
"q=256,p=2048",3,567
"q=256,p=2048",3,225
"q=256,p=2048",3,252
"q=256,p=2048",3,273
"q=256,p=2048",3,260
"q=256,p=2048",3,180
"q=256,p=2048",3,449
"q=256,p=2048",3,390
"q=256,p=2048",3,342
"q=256,p=2048",3,237
"q=256,p=2048",3,261
"q=256,p=2048",3,320
"q=256,p=2048",3,439
"q=256,p=2048",3,109
"q=256,p=2048",3,348
"q=256,p=2048",3,288
"q=256,p=2048",3,313
"q=256,p=2048",3,213
"q=256,p=2048",3,355
"q=256,p=2048",3,342
"q=256,p=2048",3,351
"q=256,p=2048",3,365
"q=256,p=2048",3,194
"q=256,p=2048",3,300
"q=256,p=2048",3,149
"q=256,p=2048",3,283
"q=256,p=2048",3,413
"q=256,p=2048",3,345
"q=256,p=2048",3,350
"q=256,p=2048",3,442
"q=256,p=2048",3,262
"q=256,p=2048",3,337
"q=256,p=2048",3,255
"q=256,p=2048",3,214
"q=256,p=2048",3,430
"q=256,p=2048",3,187
"q=256,p=2048",3,503
"q=256,p=2048",3,195
"q=256,p=2048",3,335
"q=256,p=2048",3,304
"q=256,p=2048",3,298
"q=256,p=2048",3,408
"q=256,p=2048",3,187
"q=256,p=2048",3,322
"q=256,p=2048",3,343
"q=256,p=2048",3,234
"q=256,p=2048",3,346
"q=256,p=2048",3,251
"q=256,p=2048",3,464
"q=256,p=2048",3,188
"q=256,p=2048",3,333
"q=256,p=2048",3,504
"q=256,p=2048",3,186
"q=256,p=2048",3,168
"q=256,p=2048",3,334
"q=256,p=2048",3,154
"q=256,p=2048",3,419
"q=256,p=2048",3,163
"q=256,p=2048",3,210
"q=256,p=2048",3,371
"q=256,p=2048",3,439
"q=256,p=2048",3,435
"q=256,p=2048",3,335
"q=256,p=2048",3,266
"q=256,p=2048",3,319
"q=256,p=2048",3,259
"q=256,p=2048",3,256
"q=256,p=2048",3,315
"q=256,p=2048",3,298
"q=256,p=2048",3,459
"q=256,p=2048",3,289
"q=256,p=2048",3,344
"q=256,p=2048",3,404
"q=256,p=2048",3,290
"q=256,p=2048",3,490
"q=256,p=2048",3,345
"q=256,p=2048",4,5178
"q=256,p=2048",4,5605
"q=256,p=2048",4,5926
"q=256,p=2048",4,5426
"q=256,p=2048",4,3220
"q=256,p=2048",4,3412
"q=256,p=2048",4,4905
"q=256,p=2048",4,3338
"q=256,p=2048",4,3514
"q=256,p=2048",4,2149
"q=256,p=2048",4,6031
"q=256,p=2048",4,1428
"q=256,p=2048",4,2731
"q=256,p=2048",4,5472
"q=256,p=2048",4,5275
"q=256,p=2048",4,2674
"q=256,p=2048",4,3029
"q=256,p=2048",4,2242
"q=256,p=2048",4,5036
"q=256,p=2048",4,4550
"q=256,p=2048",4,4486
"q=256,p=2048",4,5982
"q=256,p=2048",4,3790
"q=256,p=2048",4,6687
"q=256,p=2048",4,6450
"q=256,p=2048",4,2430
"q=256,p=2048",4,3651
"q=256,p=2048",4,7191
"q=256,p=2048",4,3834
"q=256,p=2048",4,5914
"q=256,p=2048",4,4438
"q=256,p=2048",4,3080
"q=256,p=2048",4,2451
"q=256,p=2048",4,4981
"q=256,p=2048",4,3073
"q=256,p=2048",4,4708
"q=256,p=2048",4,5029
"q=256,p=2048",4,2671
"q=256,p=2048",4,5521
"q=256,p=2048",4,2807
"q=256,p=2048",4,4933
"q=256,p=2048",4,3988
"q=256,p=2048",4,4577
"q=256,p=2048",4,3547
"q=256,p=2048",4,6394
"q=256,p=2048",4,2550
"q=256,p=2048",4,4857
"q=256,p=2048",4,3481
"q=256,p=2048",4,2860
"q=256,p=2048",4,4216
"q=256,p=2048",4,3826
"q=256,p=2048",4,5111
"q=256,p=2048",4,3394
"q=256,p=2048",4,3284
"q=256,p=2048",4,4747
"q=256,p=2048",4,3045
"q=256,p=2048",4,2798
"q=256,p=2048",4,5896
"q=256,p=2048",4,3752
"q=256,p=2048",4,3633
"q=256,p=2048",4,5707
"q=256,p=2048",4,3038
"q=256,p=2048",4,2315
"q=256,p=2048",4,5379
"q=256,p=2048",4,5231
"q=256,p=2048",4,5134
"q=256,p=2048",4,3996
"q=256,p=2048",4,3869
"q=256,p=2048",4,4531
"q=256,p=2048",4,3149
"q=256,p=2048",4,4465
"q=256,p=2048",4,4172
"q=256,p=2048",4,2081
"q=256,p=2048",4,3605
"q=256,p=2048",4,4006
"q=256,p=2048",4,5565
"q=256,p=2048",4,5354
"q=256,p=2048",4,3983
"q=256,p=2048",4,2040
"q=256,p=2048",4,4557
"q=256,p=2048",4,5216
"q=256,p=2048",4,4842
"q=256,p=2048",4,3254
"q=256,p=2048",4,6674
"q=256,p=2048",4,4136
"q=256,p=2048",4,4398
"q=256,p=2048",4,3298
"q=256,p=2048",4,4183
"q=256,p=2048",4,3816
"q=256,p=2048",4,4367
"q=256,p=2048",4,5153
"q=256,p=2048",4,5166
"q=256,p=2048",4,2993
"q=256,p=2048",4,3995
"q=256,p=2048",4,4712
"q=256,p=2048",4,5547
"q=256,p=2048",4,2500
"q=256,p=2048",4,5681
"q=256,p=2048",4,4427
"q=256,p=2048",4,4588
"q=256,p=2048",4,3681
"q=256,p=2048",4,3180
"q=256,p=2048",4,4596
"q=256,p=2048",4,2934
"q=256,p=2048",4,3257
"q=256,p=2048",4,5467
"q=256,p=2048",4,2339
"q=256,p=2048",4,5316
"q=256,p=2048",4,4411
"q=256,p=2048",4,5864
"q=256,p=2048",4,2602
"q=256,p=2048",4,4027
"q=256,p=2048",4,7043
"q=256,p=2048",4,3052
"q=256,p=2048",4,4217
"q=256,p=2048",4,3731
"q=256,p=2048",4,3177
"q=256,p=2048",4,2183
"q=256,p=2048",4,3889
"q=256,p=2048",4,3858
"q=256,p=2048",4,3300
"q=256,p=2048",4,2819
"q=256,p=2048",4,4215
"q=256,p=2048",4,5049
"q=256,p=2048",4,6590
"q=256,p=2048",4,2544
"q=256,p=2048",4,2994
"q=256,p=2048",4,2769
"q=256,p=2048",4,3348
"q=256,p=2048",4,4745
"q=256,p=2048",4,2625
"q=256,p=2048",4,4195
"q=256,p=2048",4,3384
"q=256,p=2048",4,3614
"q=256,p=2048",4,4120
"q=256,p=2048",4,5213
"q=256,p=2048",4,5452
"q=256,p=2048",4,4429
"q=256,p=2048",4,4986
"q=256,p=2048",4,4793
"q=256,p=2048",4,3866
"q=256,p=2048",4,5759
"q=256,p=2048",4,3907
"q=256,p=2048",4,4407
"q=256,p=2048",4,1771
"q=256,p=2048",4,6686
"q=256,p=2048",4,2338
"q=256,p=2048",4,5684
"q=256,p=2048",4,2931
"q=256,p=2048",4,1568
"q=256,p=2048",4,2230
"q=256,p=2048",4,3152
"q=256,p=2048",4,3378
"q=256,p=2048",4,4686
"q=256,p=2048",4,4367
"q=256,p=2048",4,3977
"q=256,p=2048",4,5056
"q=256,p=2048",4,5975
"q=256,p=2048",4,3739
"q=256,p=2048",4,4185
"q=256,p=2048",4,5073
"q=256,p=2048",4,2186
"q=256,p=2048",4,2730
"q=256,p=2048",4,3853
"q=256,p=2048",4,5123
"q=256,p=2048",4,5265
"q=256,p=2048",4,4160
"q=256,p=2048",4,5586
"q=256,p=2048",4,3884
"q=256,p=2048",4,4842
"q=256,p=2048",4,4698
"q=256,p=2048",4,2291
"q=256,p=2048",4,2166
"q=256,p=2048",4,4022
"q=256,p=2048",4,4990
"q=256,p=2048",4,3137
"q=256,p=2048",4,3761
"q=256,p=2048",4,6224
"q=256,p=2048",4,3278
"q=256,p=2048",4,3486
"q=256,p=2048",4,4126
"q=256,p=2048",4,4911
"q=256,p=2048",4,5701
"q=256,p=2048",4,4473
"q=256,p=2048",4,4026
"q=256,p=2048",4,2913
"q=256,p=2048",4,1844
"q=256,p=2048",4,2935
"q=256,p=2048",4,4423
"q=256,p=2048",4,4981
"q=256,p=2048",4,4725
"q=256,p=2048",4,4585
"q=256,p=2048",4,3988
"q=256,p=2048",4,4543
"q=256,p=2048",4,5685
"q=256,p=2048",4,4068
"q=256,p=2048",4,1889
"q=256,p=2048",4,4355
"q=256,p=2048",4,3757
"q=256,p=2048",4,3750
"q=256,p=2048",5,46759
"q=256,p=2048",5,54474
"q=256,p=2048",5,48414
"q=256,p=2048",5,41660
"q=256,p=2048",5,68573
"q=256,p=2048",5,45197
"q=256,p=2048",5,50781
"q=256,p=2048",5,44436
"q=256,p=2048",5,37408
"q=256,p=2048",5,42253
"q=256,p=2048",5,59025
"q=256,p=2048",5,55896
"q=256,p=2048",5,82881
"q=256,p=2048",5,75011
"q=256,p=2048",5,90764
"q=256,p=2048",5,71366
"q=256,p=2048",5,58999
"q=256,p=2048",5,62560
"q=256,p=2048",5,69058
"q=256,p=2048",5,35897
"q=256,p=2048",6,317932
"q=256,p=2048",6,938162
"q=256,p=2048",6,875428
"q=256,p=2048",6,680402
"q=256,p=2048",6,514975
